-- MySQL dump 10.13  Distrib 8.0.45, for Win64 (x86_64)
--
-- Host: localhost    Database: core360
-- ------------------------------------------------------
-- Server version	8.0.45

/*!40101 SET @OLD_CHARACTER_SET_CLIENT=@@CHARACTER_SET_CLIENT */;
/*!40101 SET @OLD_CHARACTER_SET_RESULTS=@@CHARACTER_SET_RESULTS */;
/*!40101 SET @OLD_COLLATION_CONNECTION=@@COLLATION_CONNECTION */;
/*!50503 SET NAMES utf8mb4 */;
/*!40103 SET @OLD_TIME_ZONE=@@TIME_ZONE */;
/*!40103 SET TIME_ZONE='+00:00' */;
/*!40014 SET @OLD_UNIQUE_CHECKS=@@UNIQUE_CHECKS, UNIQUE_CHECKS=0 */;
/*!40014 SET @OLD_FOREIGN_KEY_CHECKS=@@FOREIGN_KEY_CHECKS, FOREIGN_KEY_CHECKS=0 */;
/*!40101 SET @OLD_SQL_MODE=@@SQL_MODE, SQL_MODE='NO_AUTO_VALUE_ON_ZERO' */;
/*!40111 SET @OLD_SQL_NOTES=@@SQL_NOTES, SQL_NOTES=0 */;

--
-- Table structure for table `ejecutiva_cargos`
--

DROP TABLE IF EXISTS `ejecutiva_cargos`;
/*!40101 SET @saved_cs_client     = @@character_set_client */;
/*!50503 SET character_set_client = utf8mb4 */;
CREATE TABLE `ejecutiva_cargos` (
  `id` int NOT NULL AUTO_INCREMENT,
  `nombre` varchar(50) NOT NULL,
  PRIMARY KEY (`id`)
) ENGINE=InnoDB AUTO_INCREMENT=3 DEFAULT CHARSET=utf8mb4 COLLATE=utf8mb4_0900_ai_ci;
/*!40101 SET character_set_client = @saved_cs_client */;

--
-- Dumping data for table `ejecutiva_cargos`
--

LOCK TABLES `ejecutiva_cargos` WRITE;
/*!40000 ALTER TABLE `ejecutiva_cargos` DISABLE KEYS */;
INSERT INTO `ejecutiva_cargos` VALUES (1,'Jefa'),(2,'Ejecutiva');
/*!40000 ALTER TABLE `ejecutiva_cargos` ENABLE KEYS */;
UNLOCK TABLES;

--
-- Table structure for table `empresa_seguimiento_log`
--

DROP TABLE IF EXISTS `empresa_seguimiento_log`;
/*!40101 SET @saved_cs_client     = @@character_set_client */;
/*!50503 SET character_set_client = utf8mb4 */;
CREATE TABLE `empresa_seguimiento_log` (
  `id` int NOT NULL AUTO_INCREMENT,
  `empresa_id` int NOT NULL,
  `estado` varchar(50) NOT NULL,
  `fecha` date NOT NULL,
  `usuario_id` int DEFAULT NULL,
  `reunion_id` varchar(20) DEFAULT NULL,
  `created_at` datetime DEFAULT CURRENT_TIMESTAMP,
  PRIMARY KEY (`id`),
  KEY `empresa_id` (`empresa_id`),
  CONSTRAINT `empresa_seguimiento_log_ibfk_1` FOREIGN KEY (`empresa_id`) REFERENCES `empresas` (`id`) ON DELETE CASCADE
) ENGINE=InnoDB AUTO_INCREMENT=181 DEFAULT CHARSET=utf8mb4 COLLATE=utf8mb4_0900_ai_ci;
/*!40101 SET character_set_client = @saved_cs_client */;

--
-- Dumping data for table `empresa_seguimiento_log`
--

LOCK TABLES `empresa_seguimiento_log` WRITE;
/*!40000 ALTER TABLE `empresa_seguimiento_log` DISABLE KEYS */;
INSERT INTO `empresa_seguimiento_log` VALUES (1,53,'solicitada','2026-05-21',NULL,NULL,'2026-05-27 16:39:28'),(2,235,'solicitada','2026-05-24',NULL,NULL,'2026-05-27 16:39:28'),(3,273,'solicitada','2026-05-19',NULL,NULL,'2026-05-27 16:39:28'),(4,313,'solicitada','2026-05-19',NULL,NULL,'2026-05-27 16:39:28'),(5,391,'solicitada','2026-05-27',NULL,NULL,'2026-05-27 16:39:28'),(6,487,'solicitada','2026-05-24',NULL,NULL,'2026-05-27 16:39:28'),(7,53,'agendada','2026-05-21',NULL,NULL,'2026-05-27 16:39:28'),(8,235,'agendada','2026-05-24',NULL,NULL,'2026-05-27 16:39:28'),(9,273,'agendada','2026-05-24',NULL,NULL,'2026-05-27 16:39:28'),(10,313,'agendada','2026-05-19',NULL,NULL,'2026-05-27 16:39:28'),(11,391,'agendada','2026-05-27',NULL,NULL,'2026-05-27 16:39:28'),(12,114,'gestionada','2026-04-11',6,'REU-2026-0001','2026-05-27 16:39:29'),(13,11,'gestionada','2026-04-11',5,'REU-2026-0002','2026-05-27 16:39:29'),(14,67,'gestionada','2026-04-11',5,'REU-2026-0003','2026-05-27 16:39:29'),(15,3,'gestionada','2026-03-12',5,'REU-2026-0004','2026-05-27 16:39:29'),(16,15,'gestionada','2026-11-10',5,'REU-2026-0005','2026-05-27 16:39:29'),(17,18,'gestionada','2026-02-10',5,'REU-2026-0006','2026-05-27 16:39:29'),(18,11,'gestionada','2025-12-10',5,'REU-2026-0007','2026-05-27 16:39:29'),(19,15,'gestionada','2012-10-10',5,'REU-2026-0008','2026-05-27 16:39:29'),(20,12,'gestionada','2026-12-10',5,'REU-2026-0009','2026-05-27 16:39:29'),(21,16,'gestionada','2025-10-10',5,'REU-2026-0010','2026-05-27 16:39:29'),(22,16,'gestionada','2026-10-10',5,'REU-2026-0011','2026-05-27 16:39:29'),(23,14,'gestionada','2025-12-10',5,'REU-2026-0012','2026-05-27 16:39:29'),(24,258,'gestionada','2026-12-10',8,'REU-2026-0013','2026-05-27 16:39:29'),(25,13,'gestionada','2026-12-10',5,'REU-2026-0014','2026-05-27 16:39:29'),(26,8,'gestionada','2026-10-10',5,'REU-2026-0015','2026-05-27 16:39:29'),(27,14,'gestionada','2026-10-10',5,'REU-2026-0016','2026-05-27 16:39:29'),(28,107,'gestionada','2026-10-10',6,'REU-2026-0017','2026-05-27 16:39:29'),(29,116,'gestionada','2026-10-10',6,'REU-2026-0018','2026-05-27 16:39:29'),(30,113,'gestionada','2026-10-10',6,'REU-2026-0019','2026-05-27 16:39:29'),(31,259,'gestionada','2026-10-10',8,'REU-2026-0020','2026-05-27 16:39:29'),(32,18,'gestionada','2026-02-01',5,'REU-2026-0021','2026-05-27 16:39:29'),(33,114,'gestionada','2026-10-10',6,'REU-2026-0022','2026-05-27 16:39:29'),(34,15,'gestionada','2026-10-10',5,'REU-2026-0023','2026-05-27 16:39:29'),(35,115,'gestionada','2026-10-10',6,'REU-2026-0024','2026-05-27 16:39:29'),(36,114,'gestionada','2026-10-10',6,'REU-2026-0025','2026-05-27 16:39:29'),(37,151,'gestionada','2026-10-10',6,'REU-2026-0026','2026-05-27 16:39:29'),(38,112,'gestionada','2026-10-10',6,'REU-2026-0027','2026-05-27 16:39:29'),(39,113,'gestionada','2026-10-10',6,'REU-2026-0028','2026-05-27 16:39:29'),(40,268,'gestionada','2026-10-10',8,'REU-2026-0029','2026-05-27 16:39:29'),(41,195,'gestionada','2026-10-10',7,'REU-2026-0030','2026-05-27 16:39:29'),(42,14,'gestionada','2026-10-10',5,'REU-2026-0031','2026-05-27 16:39:29'),(43,114,'gestionada','2026-10-10',6,'REU-2026-0032','2026-05-27 16:39:29'),(44,13,'gestionada','2026-10-10',5,'REU-2026-0033','2026-05-27 16:39:29'),(45,111,'gestionada','2025-10-10',6,'REU-2026-0034','2026-05-27 16:39:29'),(46,101,'gestionada','2022-10-10',6,'REU-2026-0035','2026-05-27 16:39:29'),(47,1,'gestionada','2020-10-10',5,'REU-2026-0036','2026-05-27 16:39:29'),(48,102,'gestionada','2025-10-10',6,'REU-2026-0037','2026-05-27 16:39:29'),(49,197,'gestionada','1010-10-10',7,'REU-2026-0038','2026-05-27 16:39:29'),(50,15,'gestionada','2026-10-10',5,'REU-2026-0039','2026-05-27 16:39:29'),(51,185,'gestionada','2022-10-10',7,'REU-2026-0040','2026-05-27 16:39:29'),(52,114,'gestionada','1010-10-10',6,'REU-2026-0041','2026-05-27 16:39:29'),(53,14,'gestionada','2026-10-10',5,'REU-2026-0042','2026-05-27 16:39:29'),(54,194,'gestionada','2026-10-10',7,'REU-2026-0043','2026-05-27 16:39:29'),(55,113,'gestionada','2026-10-10',6,'REU-2026-0044','2026-05-27 16:39:29'),(56,102,'gestionada','2026-10-10',6,'REU-2026-0045','2026-05-27 16:39:29'),(57,196,'gestionada','1010-10-10',7,'REU-2026-0046','2026-05-27 16:39:29'),(58,14,'gestionada','2026-10-10',5,'REU-2026-0047','2026-05-27 16:39:29'),(59,115,'gestionada','2026-04-15',6,'REU-2026-0048','2026-05-27 16:39:30'),(60,113,'gestionada','2026-04-15',6,'REU-2026-0049','2026-05-27 16:39:30'),(61,115,'gestionada','2026-04-22',6,'REU-2026-0050','2026-05-27 16:39:30'),(62,14,'gestionada','1010-10-10',5,'REU-2026-0051','2026-05-27 16:39:30'),(63,50,'gestionada','2026-10-10',5,'REU-2026-0052','2026-05-27 16:39:30'),(64,11,'gestionada','2026-10-10',5,'REU-2026-0053','2026-05-27 16:39:30'),(65,15,'gestionada','2026-10-04',5,'REU-2026-0054','2026-05-27 16:39:30'),(66,14,'gestionada','2026-10-10',5,'REU-2026-0055','2026-05-27 16:39:30'),(67,114,'gestionada','2026-10-10',6,'REU-2026-0056','2026-05-27 16:39:30'),(68,114,'gestionada','0110-10-10',6,'REU-2026-0057','2026-05-27 16:39:30'),(69,109,'gestionada','1010-10-10',6,'REU-2026-0058','2026-05-27 16:39:30'),(70,113,'gestionada','1910-10-10',6,'REU-2026-0059','2026-05-27 16:39:30'),(71,194,'gestionada','0100-10-10',7,'REU-2026-0060','2026-05-27 16:39:30'),(72,113,'gestionada','0101-10-10',6,'REU-2026-0061','2026-05-27 16:39:30'),(73,192,'gestionada','0101-10-10',7,'REU-2026-0062','2026-05-27 16:39:30'),(74,12,'gestionada','1010-10-10',5,'REU-2026-0063','2026-05-27 16:39:30'),(75,194,'gestionada','1010-10-10',7,'REU-2026-0064','2026-05-27 16:39:30'),(76,195,'gestionada','1010-10-10',7,'REU-2026-0065','2026-05-27 16:39:30'),(77,114,'gestionada','1910-10-10',6,'REU-2026-0066','2026-05-27 16:39:30'),(78,13,'gestionada','1010-10-10',5,'REU-2026-0067','2026-05-27 16:39:30'),(79,102,'gestionada','1010-10-10',6,'REU-2026-0068','2026-05-27 16:39:30'),(80,12,'gestionada','1010-10-10',5,'REU-2026-0069','2026-05-27 16:39:30'),(81,114,'gestionada','0101-01-11',6,'REU-2026-0070','2026-05-27 16:39:30'),(82,115,'gestionada','1010-10-10',6,'REU-2026-0071','2026-05-27 16:39:30'),(83,113,'gestionada','0101-10-10',6,'REU-2026-0072','2026-05-27 16:39:30'),(84,113,'gestionada','1010-10-10',6,'REU-2026-0073','2026-05-27 16:39:30'),(85,12,'gestionada','1010-10-10',5,'REU-2026-0074','2026-05-27 16:39:30'),(86,250,'gestionada','2026-04-17',8,'REU-2026-0075','2026-05-27 16:39:30'),(87,102,'gestionada','1010-10-10',6,'REU-2026-0076','2026-05-27 16:39:30'),(88,102,'gestionada','1010-10-10',6,'REU-2026-0077','2026-05-27 16:39:30'),(89,186,'gestionada','1010-10-10',7,'REU-2026-0078','2026-05-27 16:39:30'),(90,2,'gestionada','1010-10-10',5,'REU-2026-0079','2026-05-27 16:39:30'),(91,185,'gestionada','1010-10-10',7,'REU-2026-0080','2026-05-27 16:39:30'),(92,184,'gestionada','1010-10-10',7,'REU-2026-0081','2026-05-27 16:39:30'),(93,187,'gestionada','1010-10-10',7,'REU-2026-0082','2026-05-27 16:39:30'),(94,185,'gestionada','1010-10-10',7,'REU-2026-0083','2026-05-27 16:39:30'),(95,101,'gestionada','0110-01-11',6,'REU-2026-0084','2026-05-27 16:39:30'),(96,101,'gestionada','1010-10-10',6,'REU-2026-0085','2026-05-27 16:39:30'),(97,184,'gestionada','1010-10-10',7,'REU-2026-0086','2026-05-27 16:39:30'),(98,2,'gestionada','1010-10-10',5,'REU-2026-0087','2026-05-27 16:39:30'),(99,101,'gestionada','1001-10-10',6,'REU-2026-0088','2026-05-27 16:39:30'),(100,185,'gestionada','1010-10-10',7,'REU-2026-0089','2026-05-27 16:39:30'),(101,186,'gestionada','1010-10-10',7,'REU-2026-0090','2026-05-27 16:39:30'),(102,187,'gestionada','1010-10-10',7,'REU-2026-0091','2026-05-27 16:39:30'),(103,2,'gestionada','0100-10-10',5,'REU-2026-0092','2026-05-27 16:39:30'),(104,185,'gestionada','1010-10-10',7,'REU-2026-0093','2026-05-27 16:39:30'),(105,103,'gestionada','0101-10-10',6,'REU-2026-0094','2026-05-27 16:39:30'),(106,2,'gestionada','1010-10-10',5,'REU-2026-0095','2026-05-27 16:39:30'),(107,186,'gestionada','1010-10-10',7,'REU-2026-0096','2026-05-27 16:39:30'),(108,186,'gestionada','1010-10-10',7,'REU-2026-0097','2026-05-27 16:39:30'),(109,1,'gestionada','1010-10-10',5,'REU-2026-0098','2026-05-27 16:39:30'),(110,105,'gestionada','0110-10-10',6,'REU-2026-0099','2026-05-27 16:39:30'),(111,187,'gestionada','1010-10-10',7,'REU-2026-0100','2026-05-27 16:39:30'),(112,194,'gestionada','1010-10-10',7,'REU-2026-0101','2026-05-27 16:39:30'),(113,111,'gestionada','1010-10-10',6,'REU-2026-0102','2026-05-27 16:39:30'),(114,114,'gestionada','1010-10-10',6,'REU-2026-0103','2026-05-27 16:39:31'),(115,182,'gestionada','1010-10-10',6,'REU-2026-0104','2026-05-27 16:39:31'),(116,101,'gestionada','1010-10-10',6,'REU-2026-0105','2026-05-27 16:39:31'),(117,141,'gestionada','2026-04-22',6,'REU-2026-0106','2026-05-27 16:39:31'),(118,1,'gestionada','2026-04-27',5,'REU-2026-0107','2026-05-27 16:39:31'),(119,5,'gestionada','2026-04-28',5,'REU-2026-0108','2026-05-27 16:39:31'),(120,8,'gestionada','1010-10-10',5,'REU-2026-0109','2026-05-27 16:39:31'),(121,9,'gestionada','1010-10-10',5,'REU-2026-0110','2026-05-27 16:39:31'),(122,9,'gestionada','1010-10-10',5,'REU-2026-0111','2026-05-27 16:39:31'),(123,6,'gestionada','1010-10-10',5,'REU-2026-0112','2026-05-27 16:39:31'),(124,148,'gestionada','0100-10-10',6,'REU-2026-0113','2026-05-27 16:39:31'),(125,5,'gestionada','1010-10-10',5,'REU-2026-0114','2026-05-27 16:39:31'),(126,142,'gestionada','1010-10-10',6,'REU-2026-0115','2026-05-27 16:39:31'),(127,7,'gestionada','1010-10-10',5,'REU-2026-0116','2026-05-27 16:39:31'),(128,135,'gestionada','0110-10-10',6,'REU-2026-0117','2026-05-27 16:39:31'),(129,9,'gestionada','1001-10-10',5,'REU-2026-0118','2026-05-27 16:39:31'),(130,73,'gestionada','1010-10-10',5,'REU-2026-0119','2026-05-27 16:39:31'),(131,48,'gestionada','1010-10-10',5,'REU-2026-0120','2026-05-27 16:39:31'),(132,58,'gestionada','2026-10-10',5,'REU-2026-0121','2026-05-27 16:39:31'),(133,67,'gestionada','2026-05-11',9,'REU-2026-0122','2026-05-27 16:39:31'),(134,50,'gestionada','1010-10-10',5,'REU-2026-0123','2026-05-27 16:39:31'),(135,3,'gestionada','2026-05-11',5,'REU-2026-0124','2026-05-27 16:39:31'),(136,10,'gestionada','2026-05-11',9,'REU-2026-0125','2026-05-27 16:39:31'),(137,2,'gestionada','2026-05-12',9,'REU-2026-0126','2026-05-27 16:39:31'),(138,174,'gestionada','2026-05-13',6,'REU-2026-0127','2026-05-27 16:39:31'),(139,2,'gestionada','1010-10-10',5,'REU-2026-0128','2026-05-27 16:39:31'),(140,48,'gestionada','2026-05-13',5,'REU-2026-0129','2026-05-27 16:39:31'),(141,48,'gestionada','1010-10-10',5,'REU-2026-0130','2026-05-27 16:39:31'),(142,48,'gestionada','1010-10-10',5,'REU-2026-0131','2026-05-27 16:39:31'),(143,48,'gestionada','1010-10-10',5,'REU-2026-0132','2026-05-27 16:39:31'),(144,48,'gestionada','1010-10-10',5,'REU-2026-0133','2026-05-27 16:39:31'),(145,48,'gestionada','0101-10-10',13,'REU-2026-0134','2026-05-27 16:39:31'),(146,48,'gestionada','1001-10-10',13,'REU-2026-0135','2026-05-27 16:39:31'),(147,48,'gestionada','2026-05-15',5,'REU-2026-0136','2026-05-27 16:39:31'),(148,167,'gestionada','2026-05-15',10,'REU-2026-0137','2026-05-27 16:39:31'),(149,167,'gestionada','2026-05-15',6,'REU-2026-0138','2026-05-27 16:39:31'),(150,130,'gestionada','2026-05-15',10,'REU-2026-0139','2026-05-27 16:39:31'),(151,1,'gestionada','2026-05-15',5,'REU-2026-0140','2026-05-27 16:39:31'),(152,1,'gestionada','2026-05-15',9,'REU-2026-0141','2026-05-27 16:39:31'),(153,48,'gestionada','2026-05-29',5,'REU-2026-0142','2026-05-27 16:39:31'),(154,48,'gestionada','2026-05-15',5,'REU-2026-0143','2026-05-27 16:39:31'),(155,1,'gestionada','2026-05-15',13,'REU-2026-0144','2026-05-27 16:39:31'),(156,247,'gestionada','2026-05-19',14,'REU-2026-0145','2026-05-27 16:39:31'),(157,11,'gestionada','2026-05-19',13,'REU-2026-0146','2026-05-27 16:39:31'),(158,5,'gestionada','2026-05-25',13,'REU-2026-0147','2026-05-27 16:39:31'),(159,48,'gestionada','2026-05-25',13,'REU-2026-0148','2026-05-27 16:39:31'),(160,53,'solicitada','2026-05-21',NULL,NULL,'2026-05-27 17:04:31'),(161,235,'solicitada','2026-05-24',NULL,NULL,'2026-05-27 17:04:31'),(162,273,'solicitada','2026-05-19',NULL,NULL,'2026-05-27 17:04:31'),(163,313,'solicitada','2026-05-19',NULL,NULL,'2026-05-27 17:04:31'),(164,391,'solicitada','2026-05-27',NULL,NULL,'2026-05-27 17:04:31'),(165,487,'solicitada','2026-05-24',NULL,NULL,'2026-05-27 17:04:31'),(166,53,'agendada','2026-05-21',NULL,NULL,'2026-05-27 17:04:32'),(167,235,'agendada','2026-05-24',NULL,NULL,'2026-05-27 17:04:32'),(168,273,'agendada','2026-05-24',NULL,NULL,'2026-05-27 17:04:32'),(169,313,'agendada','2026-05-19',NULL,NULL,'2026-05-27 17:04:32'),(170,391,'agendada','2026-05-27',NULL,NULL,'2026-05-27 17:04:32'),(171,184,'solicitada','2026-05-27',14,NULL,'2026-05-27 17:11:17'),(172,487,'solicitada','2026-05-27',14,NULL,'2026-05-27 17:11:53'),(173,273,'agendada','2026-05-27',14,NULL,'2026-05-27 17:12:08'),(174,273,'agendada','2026-05-27',14,NULL,'2026-05-27 17:16:25'),(175,273,'agendada','2026-05-30',14,NULL,'2026-05-27 17:16:33'),(176,273,'solicitada','2026-05-28',14,NULL,'2026-05-27 17:16:47'),(177,184,'solicitada','2026-05-28',14,NULL,'2026-05-27 17:18:32'),(178,54,'solicitada','2026-05-27',14,NULL,'2026-05-27 18:20:15'),(179,73,'solicitada','2026-05-27',14,NULL,'2026-05-27 18:20:42'),(180,73,'agendada','2026-05-27',14,NULL,'2026-05-27 18:20:48');
/*!40000 ALTER TABLE `empresa_seguimiento_log` ENABLE KEYS */;
UNLOCK TABLES;

--
-- Table structure for table `empresas`
--

DROP TABLE IF EXISTS `empresas`;
/*!40101 SET @saved_cs_client     = @@character_set_client */;
/*!50503 SET character_set_client = utf8mb4 */;
CREATE TABLE `empresas` (
  `id` int NOT NULL AUTO_INCREMENT,
  `nombre` varchar(150) NOT NULL,
  `jefatura_id` int DEFAULT NULL,
  `estado_seguimiento` varchar(50) DEFAULT 'pendiente',
  `fecha_solicitada` datetime DEFAULT NULL,
  `fecha_concretada` datetime DEFAULT NULL,
  `zona_id` int DEFAULT '1',
  PRIMARY KEY (`id`),
  KEY `fk_empresa_jefatura` (`jefatura_id`),
  KEY `fk_empresas_zona` (`zona_id`),
  CONSTRAINT `fk_empresas_zona` FOREIGN KEY (`zona_id`) REFERENCES `zonas` (`id`)
) ENGINE=InnoDB AUTO_INCREMENT=503 DEFAULT CHARSET=utf8mb4 COLLATE=utf8mb4_0900_ai_ci;
/*!40101 SET character_set_client = @saved_cs_client */;

--
-- Dumping data for table `empresas`
--

LOCK TABLES `empresas` WRITE;
/*!40000 ALTER TABLE `empresas` DISABLE KEYS */;
INSERT INTO `empresas` VALUES (1,'Ascensores Schindler S.a',1,'solicitada',NULL,NULL,1),(2,'Atento Chile S.A.',1,'pendiente',NULL,NULL,1),(3,'Bottai Sa',1,'pendiente',NULL,NULL,1),(4,'Centro De Formacion Tecnica De Los Establecimientos Nacionales De Educacion De Caritas Chile',1,'pendiente',NULL,NULL,1),(5,'Control De Evasión Y Seguridad Norte Spa',1,'pendiente',NULL,NULL,1),(6,'Corporación Educacional Cecal Sur Castro',1,'pendiente',NULL,NULL,1),(7,'Corporacion Educacional Colegio Los Pensamientos',1,'pendiente',NULL,NULL,1),(8,'Corporacion Educacional Getsemani',1,'pendiente',NULL,NULL,1),(9,'Editorial Bibliográfica Internacional Ltda.',1,'pendiente',NULL,NULL,1),(10,'Fabrica De Puertas Y Ventanas Renovatek',1,'pendiente',NULL,NULL,1),(11,'Genera Spa',1,'pendiente',NULL,NULL,1),(12,'Holdtech S.A.',1,'pendiente',NULL,NULL,1),(13,'Hotel Costanera S.A.',1,'pendiente',NULL,NULL,1),(14,'Hotelera Santa Magdalena S.A.',1,'pendiente',NULL,NULL,1),(15,'Hoteles De Chile S.A.',1,'pendiente',NULL,NULL,1),(16,'Imein S.A.',1,'pendiente',NULL,NULL,1),(17,'Importadora Cromtek Spa',1,'pendiente',NULL,NULL,1),(18,'Importadora De Maquinarias Tecnicas S. A.',1,'pendiente',NULL,NULL,1),(19,'Importadora Y Manufacturera Von Der Heyde S.a.c.i',1,'pendiente',NULL,NULL,1),(20,'Industrias Floramatic Spa.',1,'pendiente',NULL,NULL,1),(21,'Inmobiliaria, Administradora Y Comercial Mall Sport S.a',1,'pendiente',NULL,NULL,1),(22,'Kallplat Chile Ltda.',1,'pendiente',NULL,NULL,1),(23,'Kimn It Chile Spa',1,'pendiente',NULL,NULL,1),(24,'Lafitte Chile Y Compañia Ltda.',1,'pendiente',NULL,NULL,1),(25,'Lari Obras Y Servicios Spa',1,'pendiente',NULL,NULL,1),(26,'Materiales Y Soluciones S.A.',1,'pendiente',NULL,NULL,1),(27,'Metalpren Chile Spa',1,'pendiente',NULL,NULL,1),(28,'Olympus Corporation Chile Spa',1,'pendiente',NULL,NULL,1),(29,'Otec Capacita2 Para El Desarollo Spa',1,'pendiente',NULL,NULL,1),(30,'Ponce Y Cespede Consultores Spa',1,'pendiente',NULL,NULL,1),(31,'Promociones Pdv Chile Est Spa',1,'pendiente',NULL,NULL,1),(32,'Proyecto Humano Capacitación Limitada',1,'pendiente',NULL,NULL,1),(33,'Rentas Hoteleras Spa',1,'pendiente',NULL,NULL,1),(34,'Salesland Chile Spa',1,'pendiente',NULL,NULL,1),(35,'Santa Rosa Chile Alimentos Limitada',1,'pendiente',NULL,NULL,1),(36,'Seguridad Y Servicios Vighile Spa',1,'pendiente',NULL,NULL,1),(37,'Servicios De Telecomunicaciones Olitel Limitada',1,'pendiente',NULL,NULL,1),(38,'Sistemas De Seguridad Y Tecnología Spa',1,'pendiente',NULL,NULL,1),(39,'Sociedad Concesionaria Centro De Justicia De Santiago S.a',1,'pendiente',NULL,NULL,1),(40,'Sociedad De Telemedicina Apsorad Spa',1,'pendiente',NULL,NULL,1),(41,'Sociedad Nacional De Mineria F.g',1,'pendiente',NULL,NULL,1),(42,'Subus Chile S.A.',1,'pendiente',NULL,NULL,1),(43,'Teamwork Recursos Humanos Ltda',1,'pendiente',NULL,NULL,1),(44,'Tns Chile Technetsecurity Spa',1,'pendiente',NULL,NULL,1),(45,'Tp Chile S.A.',1,'pendiente',NULL,NULL,1),(46,'Yusen Logistics Chile Spa',1,'pendiente',NULL,NULL,1),(47,'Holding ADECCO',1,'pendiente',NULL,NULL,1),(48,'Agencia De Aduanas Edmundo Browne V.manuel Gonzalez R. Y Cia. Ltda.',1,'pendiente',NULL,NULL,1),(49,'Holding B BOSCH',1,'pendiente',NULL,NULL,1),(50,'Britt Chile Ltda.',1,'pendiente',NULL,NULL,1),(51,'Holding CENCOSUD',1,'pendiente',NULL,NULL,1),(52,'Holding CHP',1,'pendiente',NULL,NULL,1),(53,'Colmena Golden Cross S.A.',1,'agendada','2026-05-21 16:02:55','2026-05-21 16:03:03',1),(54,'Comercial Castro Spa',1,'solicitada','2026-05-27 00:00:00',NULL,1),(55,'Holding DEFONTANA',1,'pendiente',NULL,NULL,1),(56,'Holding ECOLOGICA',1,'pendiente',NULL,NULL,1),(57,'Holding ENEL',1,'pendiente',NULL,NULL,1),(58,'Holding ENJOY',1,'pendiente',NULL,NULL,1),(59,'Entel Call Center S.A.',1,'pendiente',NULL,NULL,1),(60,'Epiroc Chile S.a.c',1,'pendiente',NULL,NULL,1),(61,'Holding EPSA',1,'pendiente',NULL,NULL,1),(62,'Eurofarma Chile Spa',1,'pendiente',NULL,NULL,1),(63,'Holding FASHIONS PARK',1,'pendiente',NULL,NULL,1),(64,'Oca Global',1,'pendiente',NULL,NULL,1),(65,'Fundacion Las Rosas De Ayuda Fraterna',1,'pendiente',NULL,NULL,1),(66,'Holding G Y N',1,'pendiente',NULL,NULL,1),(67,'Automotores Gildemeister Spa',1,'pendiente',NULL,NULL,1),(68,'Holding GM HOLDING',1,'pendiente',NULL,NULL,1),(69,'Grupo America Limpieza S.a',1,'pendiente',NULL,NULL,1),(70,'Holding GRUPO CHIOZZA',1,'pendiente',NULL,NULL,1),(71,'Prestaciones De Servicio Pipehunter Spa',1,'pendiente',NULL,NULL,1),(72,'Holding GRUPO MIL SABORES',1,'pendiente',NULL,NULL,1),(73,'Hdi Seguros S.A.',1,'agendada','2026-05-27 00:00:00','2026-05-27 00:00:00',1),(74,'Iberoamerican Radio Holdings Chile S A',1,'pendiente',NULL,NULL,1),(75,'Holding ICB',1,'pendiente',NULL,NULL,1),(76,'Holding IGT CHILE',1,'pendiente',NULL,NULL,1),(77,'Holding LFI',1,'pendiente',NULL,NULL,1),(78,'Mediterranean Shipping Company Chile S.a',1,'pendiente',NULL,NULL,1),(79,'Holding NEWREST',1,'pendiente',NULL,NULL,1),(80,'Ohl Servicios-ingesan S.a. Agencia En Chile',1,'pendiente',NULL,NULL,1),(81,'Holding OMG',1,'pendiente',NULL,NULL,1),(82,'Holding PARFUMS',1,'pendiente',NULL,NULL,1),(83,'Holding PESCO',1,'pendiente',NULL,NULL,1),(84,'Holding PHARMA',1,'pendiente',NULL,NULL,1),(85,'Holding PROA',1,'pendiente',NULL,NULL,1),(86,'Recupac S.a',1,'pendiente',NULL,NULL,1),(87,'Holding REDBUS',1,'pendiente',NULL,NULL,1),(88,'Megacentro Chile Spa',1,'pendiente',NULL,NULL,1),(89,'Sandvik Chile S.A.',1,'pendiente',NULL,NULL,1),(90,'Holding SODEXO',1,'pendiente',NULL,NULL,1),(91,'Sociedad De Mantencion Conservacion Y Reparacion S.a',1,'pendiente',NULL,NULL,1),(92,'Holding SOSER',1,'pendiente',NULL,NULL,1),(93,'Holding SURAC',1,'pendiente',NULL,NULL,1),(94,'Mediland Spa',1,'pendiente',NULL,NULL,1),(95,'Holding TEHMCORP S.A',1,'pendiente',NULL,NULL,1),(96,'Telefonica Chile Servicios Corporativos Ltda.',1,'pendiente',NULL,NULL,1),(97,'Holding TURBUS',1,'pendiente',NULL,NULL,1),(98,'Holding UASL',1,'pendiente',NULL,NULL,1),(99,'Holding UNACEM',1,'pendiente',NULL,NULL,1),(100,'Watt´s S.a',1,'pendiente',NULL,NULL,1),(101,'Aminpro Chile Spa',2,'pendiente',NULL,NULL,1),(102,'Central Servicing Spa',2,'pendiente',NULL,NULL,1),(103,'Corp.municipal Desarrollo Social De Ñuñoa',2,'pendiente',NULL,NULL,1),(104,'Corporacion Educacional De Las Artes Graficas Y Afines',2,'pendiente',NULL,NULL,1),(105,'Corporación Municipal Melipilla Para La Ed Salud',2,'pendiente',NULL,NULL,1),(106,'Cushman & Wakefield Chile Negocios Inmobiliarios Limitada',2,'pendiente',NULL,NULL,1),(107,'Diversey Ind Y Com. Chile Ltda.',2,'pendiente',NULL,NULL,1),(108,'Hod Servicios Logisticos Spa',2,'pendiente',NULL,NULL,1),(109,'Inversiones Samsa Spa',2,'pendiente',NULL,NULL,1),(110,'Irritec Chile S.A.',2,'pendiente',NULL,NULL,1),(111,'Logistic Management Spa',2,'pendiente',NULL,NULL,1),(112,'Logistica S.a',2,'pendiente',NULL,NULL,1),(113,'Medizintechnik S.a',2,'pendiente',NULL,NULL,1),(114,'Mms Communications Chile S.a',2,'pendiente',NULL,NULL,1),(115,'Sealed Air Chile Spa',2,'pendiente',NULL,NULL,1),(116,'Servicios De Salud Ocupacional Spa',2,'pendiente',NULL,NULL,1),(117,'Sociedad Comercializadora De Productos Al Detalle S.A.',2,'pendiente',NULL,NULL,1),(118,'Sociedad De Servicios Graficos Ltda',2,'pendiente',NULL,NULL,1),(119,'Tecnopapel S.A.',2,'pendiente',NULL,NULL,1),(120,'Valdes Cia. Abogados Ltda',2,'pendiente',NULL,NULL,1),(121,'Holding ALCA',2,'pendiente',NULL,NULL,1),(122,'Carnes Nuble S A',2,'pendiente',NULL,NULL,1),(123,'Institucion Educacional Residencia Universitaria Femenina',2,'pendiente',NULL,NULL,1),(124,'Holding ALSEA',2,'pendiente',NULL,NULL,1),(125,'Holding AMBIPAR',2,'pendiente',NULL,NULL,1),(126,'Holding ANTALIS',2,'pendiente',NULL,NULL,1),(127,'Comercial Anwo S.A.',2,'pendiente',NULL,NULL,1),(128,'Comercial E Importadora Audiomusica Spa',2,'pendiente',NULL,NULL,1),(129,'Holding BCS',2,'pendiente',NULL,NULL,1),(130,'Banco Estado Corredores De Seguros',2,'pendiente',NULL,NULL,1),(131,'Bioquimica.cl S.A.',2,'pendiente',NULL,NULL,1),(132,'Comercial Ge 2 Limitada',2,'pendiente',NULL,NULL,1),(133,'Cooperativa De Ahorro Y Credito Caja Nova Ltda.',2,'pendiente',NULL,NULL,1),(134,'Representaciones Canontex Ltda',2,'pendiente',NULL,NULL,1),(135,'Comercial Y Servicios Cathpro Spa',2,'pendiente',NULL,NULL,1),(136,'Centro De Compensacion Automatizado S A',2,'pendiente',NULL,NULL,1),(137,'Chilean Spa',2,'pendiente',NULL,NULL,1),(138,'Holding CHILEAN TRADING',2,'pendiente',NULL,NULL,1),(139,'Transportes Iskra Spa',2,'pendiente',NULL,NULL,1),(140,'Industrias Cleaner Chile S.A.',2,'pendiente',NULL,NULL,1),(141,'Holding CMF',2,'pendiente',NULL,NULL,1),(142,'Cobra Montajes Servicios Y Agua Ltda.',2,'pendiente',NULL,NULL,1),(143,'Holding CONCRETA',2,'pendiente',NULL,NULL,1),(144,'Holding CONO SUR',2,'pendiente',NULL,NULL,1),(145,'Corrupac S.A.',2,'pendiente',NULL,NULL,1),(146,'Carlos Cramer Productos Aromaticos S.a.c.i.',2,'pendiente',NULL,NULL,1),(147,'Holding DBS',2,'pendiente',NULL,NULL,1),(148,'Coop De Ahorro Y Credito El Detallista Ltda',2,'pendiente',NULL,NULL,1),(149,'Dictuc S.A.',2,'pendiente',NULL,NULL,1),(150,'Holding DIMERC',2,'pendiente',NULL,NULL,1),(151,'E-digital Chile S.a',2,'pendiente',NULL,NULL,1),(152,'Ecocert Chile S.a',2,'pendiente',NULL,NULL,1),(153,'Holding FGS',2,'pendiente',NULL,NULL,1),(154,'Gama Leasing Operativo Spa',2,'pendiente',NULL,NULL,1),(155,'Holding GILBARCO',2,'pendiente',NULL,NULL,1),(156,'Intexa Spa',2,'pendiente',NULL,NULL,1),(157,'Holding HUNTER',2,'pendiente',NULL,NULL,1),(158,'Implementos S.a',2,'pendiente',NULL,NULL,1),(159,'Holding KINTARO',2,'pendiente',NULL,NULL,1),(160,'Holding KOSLAN',2,'pendiente',NULL,NULL,1),(161,'Sociedad Comercializadora Y Servicio Macal Ltda',2,'pendiente',NULL,NULL,1),(162,'Malbec S. A.',2,'pendiente',NULL,NULL,1),(163,'Mathiesen S.a.c.',2,'pendiente',NULL,NULL,1),(164,'Montajes Del Pacífico S.A.',2,'pendiente',NULL,NULL,1),(165,'Medicina Técnica Ltda.',2,'pendiente',NULL,NULL,1),(166,'Holding MIMAGEN',2,'pendiente',NULL,NULL,1),(167,'Asesorias E Inversiones Mv Services Sa',2,'pendiente',NULL,NULL,1),(168,'Nueva Masvida S.A.',2,'pendiente',NULL,NULL,1),(169,'Ohio National Seguros De Vida S.A.',2,'pendiente',NULL,NULL,1),(170,'Inversiones Y Asesorias Integral Solutions S.a',2,'pendiente',NULL,NULL,1),(171,'Pv Equip S.A.',2,'pendiente',NULL,NULL,1),(172,'R Y Q Ingenieria S.A.',2,'pendiente',NULL,NULL,1),(173,'Sociedad De Ingenieria De Informatica Rayen Salud Spa',2,'pendiente',NULL,NULL,1),(174,'Holding SMARTFIT',2,'pendiente',NULL,NULL,1),(175,'Sportlife S.a',2,'pendiente',NULL,NULL,1),(176,'Holding TANICA',2,'pendiente',NULL,NULL,1),(177,'Tecton Maquinarias S.p.a',2,'pendiente',NULL,NULL,1),(178,'Tek Chile S.a',2,'pendiente',NULL,NULL,1),(179,'Holding TERAPIA',2,'pendiente',NULL,NULL,1),(180,'Tmf Chile Asesorias Empresariales Limitada',2,'pendiente',NULL,NULL,1),(181,'Holding ULTRAPOLY',2,'pendiente',NULL,NULL,1),(182,'Valtek S.a',2,'pendiente',NULL,NULL,1),(183,'Holding WALMART',2,'pendiente',NULL,NULL,1),(184,'Acosta Y Aguayo Spa',3,'solicitada','2026-05-28 00:00:00',NULL,1),(185,'Beltran,chorizola & Balaguer Limitada',3,'pendiente',NULL,NULL,1),(186,'Comercial E Industrial Libesa Limitada',3,'pendiente',NULL,NULL,1),(187,'Corporación Educacional Del Real',3,'pendiente',NULL,NULL,1),(188,'Corporacion Educacional Del Valle Maipu',3,'pendiente',NULL,NULL,1),(189,'Cosmética Rouvé Limitada',3,'pendiente',NULL,NULL,1),(190,'Fundacion Paula Jaraquemada Alquizar',3,'pendiente',NULL,NULL,1),(191,'Gran Americas Santiago Chile S.A.',3,'pendiente',NULL,NULL,1),(192,'Grupo Pistacho Spa',3,'pendiente',NULL,NULL,1),(193,'Ilan Spa',3,'pendiente',NULL,NULL,1),(194,'Ingenieria Y Gestion De Procesos Makersolutions Spa',3,'pendiente',NULL,NULL,1),(195,'Rooftek Spa',3,'pendiente',NULL,NULL,1),(196,'Sociedad Concesionaria Nuevo Pudahuel S.A.',3,'pendiente',NULL,NULL,1),(197,'Sonoco Consumer Products Chile Spa',3,'pendiente',NULL,NULL,1),(198,'Toyota Chile S.a',3,'pendiente',NULL,NULL,1),(199,'Transportadora Trg Ltda',3,'pendiente',NULL,NULL,1),(200,'Transsa Consultores Inmobiliarios Spa',3,'pendiente',NULL,NULL,1),(201,'Vigatec S.a',3,'pendiente',NULL,NULL,1),(202,'World Courier De Chile Ldta',3,'pendiente',NULL,NULL,1),(203,'Holding AGUAS ANDINAS',3,'pendiente',NULL,NULL,1),(204,'Holding BANCO ESTADO',3,'pendiente',NULL,NULL,1),(205,'Holding BANCO FALABELLA',3,'pendiente',NULL,NULL,1),(206,'Banco Estado Servicios De Cobranza S.A.',3,'pendiente',NULL,NULL,1),(207,'Banco Estado Microempresas S.A.',3,'pendiente',NULL,NULL,1),(208,'Holding BICE',3,'pendiente',NULL,NULL,1),(209,'Holding BUPA',3,'pendiente',NULL,NULL,1),(210,'Holding CADAQUÉS',3,'pendiente',NULL,NULL,1),(211,'Holding CGS',3,'pendiente',NULL,NULL,1),(212,'Holding CONSORCIO VIDA',3,'pendiente',NULL,NULL,1),(213,'Holding CORONA',3,'pendiente',NULL,NULL,1),(214,'Farmacias Cruz Verde Spa',3,'pendiente',NULL,NULL,1),(215,'Holding DCV',3,'pendiente',NULL,NULL,1),(216,'Holding FEMSA SALUD',3,'pendiente',NULL,NULL,1),(217,'Forus S.A.',3,'pendiente',NULL,NULL,1),(218,'Holding FR GROUP',3,'pendiente',NULL,NULL,1),(219,'Globalmarket Enterprise S.A.',3,'pendiente',NULL,NULL,1),(220,'Fundacion Hospital Parroquial De San Bernardo',3,'pendiente',NULL,NULL,1),(221,'Intercarry Logistica Limitada',3,'pendiente',NULL,NULL,1),(222,'Banco Itau Chile',3,'agendada',NULL,NULL,1),(223,'Servicios Mallplaza Spa',3,'pendiente',NULL,NULL,1),(224,'Medical International Laboratories Corporation S.A.',3,'pendiente',NULL,NULL,1),(225,'Holding MPM',3,'pendiente',NULL,NULL,1),(226,'Distribuidora Portland S A',3,'pendiente',NULL,NULL,1),(227,'Holding PROCIRCUIT',3,'pendiente',NULL,NULL,1),(228,'Holding PROMARCO',3,'pendiente',NULL,NULL,1),(229,'Pontificia Universidad Católica De Chile',3,'pendiente',NULL,NULL,1),(230,'Holding RED UC',3,'pendiente',NULL,NULL,1),(231,'Holding RIO LOA',3,'pendiente',NULL,NULL,1),(232,'Holding RIPLEY',3,'pendiente',NULL,NULL,1),(233,'Holding SALCOBRAND',3,'pendiente',NULL,NULL,1),(234,'Holding SALFA',3,'pendiente',NULL,NULL,1),(235,'Banco Santander Chile',3,'agendada','2026-05-24 16:42:05','2026-05-24 16:42:05',1),(236,'Laboratorios Saval S.A.',3,'pendiente',NULL,NULL,1),(237,'Holding SBPAY',3,'pendiente',NULL,NULL,1),(238,'Holding SCOTIABANK',3,'pendiente',NULL,NULL,1),(239,'Holding SITRANS',3,'pendiente',NULL,NULL,1),(240,'Holding VIASCHILE',3,'pendiente',NULL,NULL,1),(241,'Holding WINDSOR',3,'pendiente',NULL,NULL,1),(242,'Antonio Castillo S.a',4,'pendiente',NULL,NULL,1),(243,'Better Food Spa',4,'pendiente',NULL,NULL,1),(244,'Cadena Comercial Oxxo Chile S.A.',4,'pendiente',NULL,NULL,1),(245,'Centro De Intermediacion Para El Desarrollo De Las Personas En El Trabajo',4,'pendiente',NULL,NULL,1),(246,'Clinica Miguel Claro S.A.',4,'pendiente',NULL,NULL,1),(247,'Consorcio Santa Marta S A',4,'pendiente',NULL,NULL,1),(248,'Corporación De Capacitación Y Educación Industrial Y Mineria',4,'pendiente',NULL,NULL,1),(249,'Corporación Educacional Faure Hernandez',4,'pendiente',NULL,NULL,1),(250,'Distribuidora De Alimentos S.A.',4,'pendiente',NULL,NULL,1),(251,'Empresas Jr S.a',4,'pendiente',NULL,NULL,1),(252,'Fundación Educacional Cardenal Caro',4,'pendiente',NULL,NULL,1),(253,'Gestion De Proyectos Electricos S.a',4,'pendiente',NULL,NULL,1),(254,'Ghd S.a',4,'pendiente',NULL,NULL,1),(255,'Hitachi Energy Chile S.A.',4,'pendiente',NULL,NULL,1),(256,'Importadora Alsacia Spa',4,'pendiente',NULL,NULL,1),(257,'Ingenieria Phitec Spa.',4,'pendiente',NULL,NULL,1),(258,'Ingenieria Y Maquinaras S.a',4,'pendiente',NULL,NULL,1),(259,'Ingenieria Y Servicios Electricos Isep Limitada',4,'pendiente',NULL,NULL,1),(260,'Lonchera Spa',4,'pendiente',NULL,NULL,1),(261,'Lubrisider Chile S.a',4,'pendiente',NULL,NULL,1),(262,'Luval S.A.',4,'pendiente',NULL,NULL,1),(263,'Meet Spa',4,'pendiente',NULL,NULL,1),(264,'Normet Chile Ltda',4,'pendiente',NULL,NULL,1),(265,'Operaciones Centralizadas Latinoamericana Limitada',4,'pendiente',NULL,NULL,1),(266,'Pacific Hydro Chile',4,'pendiente',NULL,NULL,1),(267,'Prok Conveyor Equipment Spa',4,'pendiente',NULL,NULL,1),(268,'Proyecta Spa',4,'pendiente',NULL,NULL,1),(269,'Saba Estacionamientos De Chile S.a',4,'pendiente',NULL,NULL,1),(270,'Servicios Avo Ii Spa',4,'pendiente',NULL,NULL,1),(271,'Sociedad Chilena De Autores E Interpretes Musicales',4,'pendiente',NULL,NULL,1),(272,'Adidas Chile Limitada',4,'agendada',NULL,NULL,1),(273,'Administradora De Fondos De Pensiones Capital S.a',4,'solicitada','2026-05-28 00:00:00',NULL,1),(274,'Productos Industriales Madereros Ltda.',4,'pendiente',NULL,NULL,1),(275,'Fundacion Marcelo Astoreca Correa',4,'pendiente',NULL,NULL,1),(276,'Holding BARRON VIEYRA',4,'pendiente',NULL,NULL,1),(277,'Holding BELEN EDUCA',4,'pendiente',NULL,NULL,1),(278,'Holding CAPACITACION USACH',4,'pendiente',NULL,NULL,1),(279,'Farmaceutica Caribean Spa',4,'pendiente',NULL,NULL,1),(280,'Cementerio Metropolitano Ltda',4,'pendiente',NULL,NULL,1),(281,'Operadora Chilena De Cines Cinépolis',4,'pendiente',NULL,NULL,1),(282,'Holding COLEGIO ALMENAR',4,'pendiente',NULL,NULL,1),(283,'Fundacion Educacional Colegio Sol Del Valle De Lampa',4,'pendiente',NULL,NULL,1),(284,'Colgram S.A.',4,'pendiente',NULL,NULL,1),(285,'Empresa De Correos De Chile',4,'pendiente',NULL,NULL,1),(286,'Holding CYG',4,'pendiente',NULL,NULL,1),(287,'Holding DELIBEST',4,'pendiente',NULL,NULL,1),(288,'Empresas Demaria S.A.',4,'pendiente',NULL,NULL,1),(289,'Holding EBT',4,'pendiente',NULL,NULL,1),(290,'Holding ECHEVERRIA',4,'pendiente',NULL,NULL,1),(291,'Edenred Chile S.a',4,'pendiente',NULL,NULL,1),(292,'Endress + Hauser Chile Ltda',4,'pendiente',NULL,NULL,1),(293,'Holding EQUANS',4,'pendiente',NULL,NULL,1),(294,'Holding EUROCAPITAL',4,'pendiente',NULL,NULL,1),(295,'Holding FAMILY SHOP',4,'pendiente',NULL,NULL,1),(296,'Fundación Educacional Para El Desarrollo Integral De La Niñez',4,'pendiente',NULL,NULL,1),(297,'Geosupport S.A.',4,'pendiente',NULL,NULL,1),(298,'Gestion Vial S.A.',4,'pendiente',NULL,NULL,1),(299,'Holding GRUPO PSG',4,'pendiente',NULL,NULL,1),(300,'Holding GRUPO VALDIVIESO',4,'pendiente',NULL,NULL,1),(301,'Holding HITES',4,'pendiente',NULL,NULL,1),(302,'Turismo Y Cabanas Aguas Calientes Ltda',4,'pendiente',NULL,NULL,1),(303,'Holding ICETEL',4,'pendiente',NULL,NULL,1),(304,'Ikso Spa',4,'pendiente',NULL,NULL,1),(305,'Holding INDUMOTORA',4,'pendiente',NULL,NULL,1),(306,'Holding INTIME',4,'pendiente',NULL,NULL,1),(307,'Italmod S.a',4,'pendiente',NULL,NULL,1),(308,'Servicios Médicos Ambulatorios Atrys Health Chile Spa',4,'pendiente',NULL,NULL,1),(309,'Holding KAUFMANN',4,'pendiente',NULL,NULL,1),(310,'Holding METLIFE',4,'pendiente',NULL,NULL,1),(311,'Holding MITTA',4,'pendiente',NULL,NULL,1),(312,'Holding PARQUE DEL RECUERDO',4,'pendiente',NULL,NULL,1),(313,'Administradora De Fondos De Pensiones Provida S.A.',4,'agendada','2026-05-19 23:51:09','2026-05-19 23:51:09',1),(314,'Pontificia Universidad Católica De Valparaiso',4,'pendiente',NULL,NULL,1),(315,'Universidad San Sebastián',4,'pendiente',NULL,NULL,1),(316,'Holding SANITAS',4,'pendiente',NULL,NULL,1),(317,'Corporación Centro De Formación Técnica Santo Tomás',4,'pendiente',NULL,NULL,1),(318,'Holding SGS',4,'pendiente',NULL,NULL,1),(319,'Holding SILBERTEC',4,'pendiente',NULL,NULL,1),(320,'Comercializadora Skechers Chile Limitada',4,'pendiente',NULL,NULL,1),(321,'Holding SPL',4,'pendiente',NULL,NULL,1),(322,'Confecciones Top Spa',4,'pendiente',NULL,NULL,1),(323,'Universidad De Las Americas',4,'pendiente',NULL,NULL,1),(324,'Holding VANTRUST',4,'pendiente',NULL,NULL,1),(325,'Verallia Chile S.A.',4,'pendiente',NULL,NULL,1),(326,'Work Security Solutions Spa',4,'pendiente',NULL,NULL,1),(327,'HOLDING CAFÉ CENTRAL',21,'pendiente',NULL,NULL,5),(328,'HOLDING CONSTRUCTORA LN',21,'pendiente',NULL,NULL,5),(329,'HOLDING CREO',21,'pendiente',NULL,NULL,5),(330,'HOLDING DIMAK',21,'pendiente',NULL,NULL,5),(331,'HOLDING DREAMS',21,'pendiente',NULL,NULL,5),(332,'HOLDING FOSSA',21,'pendiente',NULL,NULL,5),(333,'HOLDING HUMAN NET',21,'pendiente',NULL,NULL,5),(334,'HOLDING INTEGRA CHILE',21,'pendiente',NULL,NULL,5),(335,'HOLDING INVERMAR',21,'pendiente',NULL,NULL,5),(336,'HOLDING MARINE FARM',21,'pendiente',NULL,NULL,5),(337,'HOLDING PROFISUR',21,'pendiente',NULL,NULL,5),(338,'HOLDING RAITRAI',21,'pendiente',NULL,NULL,5),(339,'HOLDING RALLY KART',21,'pendiente',NULL,NULL,5),(340,'HOLDING REMORAS',21,'pendiente',NULL,NULL,5),(341,'HOLDING RÍO FUTURO',21,'pendiente',NULL,NULL,5),(342,'HOLDING SASA',21,'pendiente',NULL,NULL,5),(343,'HOLDING SERVITECAP',21,'pendiente',NULL,NULL,5),(344,'HOLDING SKORPIOS',21,'pendiente',NULL,NULL,5),(345,'HOLDING SOCOEPA',21,'pendiente',NULL,NULL,5),(346,'HOLDING TORALLA',21,'pendiente',NULL,NULL,5),(347,'Blue Shell S.A.',21,'pendiente',NULL,NULL,5),(348,'Chocolateria Entrelagos S.A.',21,'pendiente',NULL,NULL,5),(349,'Clínica Puerto Varas S.A.',21,'pendiente',NULL,NULL,5),(350,'Constructora Ararat Limitada',21,'pendiente',NULL,NULL,5),(351,'Constructora W&m',21,'pendiente',NULL,NULL,5),(352,'Cooke Aquaculture Chile Sa',21,'pendiente',NULL,NULL,5),(353,'Cooperativa De Servicios Educacionales Windsor School Ltda',21,'pendiente',NULL,NULL,5),(354,'Corporación Municipal De Curaco De Vélez Para La Educacion, Salud Y Atención De Menores',21,'pendiente',NULL,NULL,5),(355,'Corporación Municipal De Panguipulli',21,'pendiente',NULL,NULL,5),(356,'Ext Astilleros Calbuco S.a',21,'pendiente',NULL,NULL,5),(357,'Ext Invermar S.a',21,'pendiente',NULL,NULL,5),(358,'Ext La Peninsula S.a',21,'pendiente',NULL,NULL,5),(359,'Ext Pesquera La Portada S.a',21,'pendiente',NULL,NULL,5),(360,'Frigorífico De Osorno S.A.',21,'pendiente',NULL,NULL,5),(361,'Frigorífico Simunovic S.A.',21,'pendiente',NULL,NULL,5),(362,'Maderas De Exportación Dos S.A.',21,'pendiente',NULL,NULL,5),(363,'Modinger Hermanos Sociedad Anonima',21,'pendiente',NULL,NULL,5),(364,'Murphy Spa',21,'pendiente',NULL,NULL,5),(365,'Pesquera Trans Antartic Limitada',21,'pendiente',NULL,NULL,5),(366,'Piscicola Entre Rios Ltda.',21,'pendiente',NULL,NULL,5),(367,'Servicio De Ingenieria Seguridad Y Transporte Transcom Limitada',21,'pendiente',NULL,NULL,5),(368,'Sociedad Constructora Hurtado Ltda.',21,'pendiente',NULL,NULL,5),(369,'Sociedad De Seguridad Ssch Ltda',21,'pendiente',NULL,NULL,5),(370,'Submarina Chiloe Spa',21,'pendiente',NULL,NULL,5),(371,'Transporte Y Servicios Integrados Gm Spa',21,'pendiente',NULL,NULL,5),(372,'Transportes Cruz Del Sur',21,'pendiente',NULL,NULL,5),(373,'Universidad De Aysen',21,'pendiente',NULL,NULL,5),(374,'Veso Chile Spa',21,'pendiente',NULL,NULL,5),(375,'Corporación De Beneficencia Osorno',21,'pendiente',NULL,NULL,5),(376,'Sociedad Industrial Kunstmann S.A.',21,'pendiente',NULL,NULL,5),(377,'Patagonia Farming Spa.',21,'pendiente',NULL,NULL,5),(378,'Mowi Chile S.A.',21,'pendiente',NULL,NULL,5),(379,'Universidad Austral De Chile',21,'pendiente',NULL,NULL,5),(380,'Universidad De Los Lagos',21,'pendiente',NULL,NULL,5),(381,'HOLDING AGENCIA MARITIMA',25,'pendiente',NULL,NULL,3),(382,'HOLDING BEFOODS',25,'pendiente',NULL,NULL,3),(383,'HOLDING CALLEGARI',25,'pendiente',NULL,NULL,3),(384,'HOLDING CONTROL PISQUERO',25,'pendiente',NULL,NULL,3),(385,'HOLDING DP WORLD',25,'pendiente',NULL,NULL,3),(386,'HOLDING GRUPOKAMEID',25,'pendiente',NULL,NULL,3),(387,'HOLDING MAERSK',25,'pendiente',NULL,NULL,3),(388,'HOLDING PROSEPAN',25,'pendiente',NULL,NULL,3),(389,'HOLDING RENTAMAQ',25,'pendiente',NULL,NULL,3),(390,'HOLDING SUMINISTROS MINEROS',25,'pendiente',NULL,NULL,3),(391,'Alliance Spa',25,'agendada','2026-05-27 15:10:59','2026-05-27 15:11:04',3),(392,'Associated Risk Management Spa',25,'pendiente',NULL,NULL,3),(393,'Association Of Universities For Research In Astronomy,inc.',25,'pendiente',NULL,NULL,3),(394,'Audigestion Spa',25,'pendiente',NULL,NULL,3),(395,'Caimi S A C',25,'pendiente',NULL,NULL,3),(396,'Call Fire Limitada',25,'pendiente',NULL,NULL,3),(397,'Centro De Formacion Tecnica Ucevalpo',25,'pendiente',NULL,NULL,3),(398,'Comercial Quintel Limitada',25,'pendiente',NULL,NULL,3),(399,'Corporacion Munic. Viña Del Mar Para El Desarrollo Social',25,'pendiente',NULL,NULL,3),(400,'Corporación Educacional Francisco De Aguirre',25,'pendiente',NULL,NULL,3),(401,'David Villanueva Perez Servicios De Prospeccion Geologica Y Computacion',25,'pendiente',NULL,NULL,3),(402,'Desert King Chile S.A.',25,'pendiente',NULL,NULL,3),(403,'Empresa De Obras Civiles Construcción Y Servicios A La Minería Danilo Santiago González Zepeda E.i.r.l',25,'pendiente',NULL,NULL,3),(404,'Fundación Centro De Educación Y Capacitación De La Universidad Católica Del Norte',25,'pendiente',NULL,NULL,3),(405,'Fundacion Educacional Musical La Serena',25,'pendiente',NULL,NULL,3),(406,'Hellema Holland Engineering Limitada',25,'pendiente',NULL,NULL,3),(407,'Ingeseg Spa',25,'pendiente',NULL,NULL,3),(408,'Puerto Terrestre Los Andes Soc. Concesionaria S.a',25,'pendiente',NULL,NULL,3),(409,'Sanatorio Maritimo San Juan De Dios',25,'pendiente',NULL,NULL,3),(410,'Semillas Abe Spa',25,'pendiente',NULL,NULL,3),(411,'Servicios Integrales Marcos Galleguillos Delgado Spa',25,'pendiente',NULL,NULL,3),(412,'Soc. Radiotaxi Y Trans. Ejecutivo Sol Del Valle Ltda.',25,'pendiente',NULL,NULL,3),(413,'Sociedad Concesionaria Nuevo Complejo Fronterizo Los Libertadores S.A.',25,'pendiente',NULL,NULL,3),(414,'Sociedad Educacional Basaldiaz S.A.',25,'pendiente',NULL,NULL,3),(415,'Sociedad Pasten & Martinez Limitada',25,'pendiente',NULL,NULL,3),(416,'Universidad De Artes Ciencias Y Comunicaciones Uniacc',25,'pendiente',NULL,NULL,3),(417,'Universidad De La Serena',25,'pendiente',NULL,NULL,3),(418,'Wesser S.a',25,'pendiente',NULL,NULL,3),(419,'Universidad De Playa Ancha De Ciencias De La Educación',25,'pendiente',NULL,NULL,3),(420,'HOLDING ALMAR',24,'pendiente',NULL,NULL,2),(421,'HOLDING BHP',24,'pendiente',NULL,NULL,2),(422,'HOLDING CANDELARIA',24,'pendiente',NULL,NULL,2),(423,'HOLDING GEOTEC',24,'pendiente',NULL,NULL,2),(424,'HOLDING GLOBAL SERVICE',24,'pendiente',NULL,NULL,2),(425,'HOLDING MANTOS DE LA LUNA',24,'pendiente',NULL,NULL,2),(426,'HOLDING MEJILLONES',24,'pendiente',NULL,NULL,2),(427,'HOLDING SCHWAGER',24,'pendiente',NULL,NULL,2),(428,'Empresa Portuaria Iquique',24,'pendiente',NULL,NULL,2),(429,'Inversiones Trektrading Spa',24,'pendiente',NULL,NULL,2),(430,'Planta Recuperadora De Metales Spa',24,'pendiente',NULL,NULL,2),(431,'Sintomec Ingeniería Spa',24,'pendiente',NULL,NULL,2),(432,'Universidad De Atacama',24,'pendiente',NULL,NULL,2),(433,'Universidad De Tarapacá',24,'pendiente',NULL,NULL,2),(434,'Servicios Industriales Limitada',24,'pendiente',NULL,NULL,2),(435,'Constructora Baical Limitada',24,'pendiente',NULL,NULL,2),(436,'Scm Minera Lumina Copper Chile',24,'pendiente',NULL,NULL,2),(437,'De La Fuente Y Carpanetti Ltda',24,'pendiente',NULL,NULL,2),(438,'Fam America Latina Maquinarias Ltda',24,'pendiente',NULL,NULL,2),(439,'Minera Gold Fields Salares Norte Spa',24,'pendiente',NULL,NULL,2),(440,'Compañía Minera Lomas Bayas S.a',24,'pendiente',NULL,NULL,2),(441,'Minera Hmc S.a',24,'pendiente',NULL,NULL,2),(442,'Sergio Cortes Alucema E Hijo Ltda Agente Estiba Y Desestiba',24,'pendiente',NULL,NULL,2),(443,'United Sistemas De Tuberias Spa',24,'pendiente',NULL,NULL,2),(444,'Universidad De Antofagasta',24,'pendiente',NULL,NULL,2),(445,'HOLDING EMPRESAS FT',23,'pendiente',NULL,NULL,5),(446,'HOLDING FANDES',23,'pendiente',NULL,NULL,5),(447,'HOLDING INVERLUZ',23,'pendiente',NULL,NULL,5),(448,'HOLDING NUALART',23,'pendiente',NULL,NULL,5),(449,'HOLDING PROVIDENCIA',23,'pendiente',NULL,NULL,5),(450,'HOLDING ROSEN',23,'pendiente',NULL,NULL,5),(451,'Automotriz Portillo Sur Ltda',23,'pendiente',NULL,NULL,5),(452,'Comafri S.A.',23,'pendiente',NULL,NULL,5),(453,'Constructora Jose Miguel Garcia Y Cia. Ltda.',23,'pendiente',NULL,NULL,5),(454,'Ferias Araucania S.A.',23,'pendiente',NULL,NULL,5),(455,'Sociedad Agricola Huifquenco Y Cia. Ltda.',23,'pendiente',NULL,NULL,5),(456,'Sociedad Constructora Santa Sofia Spa',23,'pendiente',NULL,NULL,5),(457,'Constructora Jomar Spa',23,'pendiente',NULL,NULL,5),(458,'Universidad Catolica De Temuco',23,'pendiente',NULL,NULL,5),(459,'Universidad De La Frontera',23,'pendiente',NULL,NULL,5),(460,'HOLDING  PLAENGE',19,'pendiente',NULL,NULL,4),(461,'HOLDING ALMASUR',19,'pendiente',NULL,NULL,4),(462,'HOLDING ANTILEMU',19,'pendiente',NULL,NULL,4),(463,'HOLDING BUSES HUALPEN',19,'pendiente',NULL,NULL,4),(464,'HOLDING GIORGIO',19,'pendiente',NULL,NULL,4),(465,'HOLDING GREZ Y ULLOA',19,'pendiente',NULL,NULL,4),(466,'HOLDING INDOOR',19,'pendiente',NULL,NULL,4),(467,'HOLDING LABRAÑA',19,'pendiente',NULL,NULL,4),(468,'HOLDING SERFOCOL',19,'pendiente',NULL,NULL,4),(469,'HOLDING TRANSPORTES PYJ',19,'pendiente',NULL,NULL,4),(470,'HOLDING VERSLUYS',19,'pendiente',NULL,NULL,4),(471,'Contenedores San Fernando Spa',19,'pendiente',NULL,NULL,4),(472,'Cooperativa De Abastecimiento De Agua Y Alcantarillado De La Comuna De Sagrada Familia Ltda',19,'pendiente',NULL,NULL,4),(473,'Corporacion De Desarrollo De La Comuna De San Vicente De Tagua Tagua',19,'pendiente',NULL,NULL,4),(474,'Dp World Lirquen S.a',19,'pendiente',NULL,NULL,4),(475,'Dp World Logistics Biobio Spa',19,'pendiente',NULL,NULL,4),(476,'Espol S.A.',19,'pendiente',NULL,NULL,4),(477,'Fpc Papeles Spa',19,'pendiente',NULL,NULL,4),(478,'Laboratorio Pasteur S.a',19,'pendiente',NULL,NULL,4),(479,'Miguel Maritano Industria De Jabones S.a',19,'pendiente',NULL,NULL,4),(480,'Pacificblu Spa',19,'pendiente',NULL,NULL,4),(481,'Rocofrut S.a',19,'pendiente',NULL,NULL,4),(482,'Servicios Ecos Spa',19,'pendiente',NULL,NULL,4),(483,'Sociedad Educacional Francesa De Concepción S.a',19,'pendiente',NULL,NULL,4),(484,'Soluciones En Energia Solar Spa',19,'pendiente',NULL,NULL,4),(485,'Tapel Willamette Inc S.a',19,'pendiente',NULL,NULL,4),(486,'Universidad Del Bio Bio',19,'pendiente',NULL,NULL,4),(487,'Agricola Forli Ltda.',19,'solicitada','2026-05-27 00:00:00',NULL,4),(488,'Jaime Soler E Hijos S.a',19,'pendiente',NULL,NULL,4),(489,'Servicios Jcs Spa',19,'pendiente',NULL,NULL,4),(490,'Landes Mussels S.a',19,'pendiente',NULL,NULL,4),(491,'Corporación De Apoyo A La Niñez Y Juventud En Riesgo Social Llequén',19,'pendiente',NULL,NULL,4),(492,'Db Terra Chile Holdco Spa',19,'pendiente',NULL,NULL,4),(493,'Pacifico Cable Spa',19,'pendiente',NULL,NULL,4),(494,'Ocean Spray Chile Spa',19,'pendiente',NULL,NULL,4),(495,'Pl.constructora E Inmobiliaria Ltda',19,'pendiente',NULL,NULL,4),(496,'Prevencion De Riesgos Seguridad Limitada',19,'pendiente',NULL,NULL,4),(497,'Universidad Católica Del Maule',19,'pendiente',NULL,NULL,4),(498,'Universidad Católica De La Santísima Concepción',19,'pendiente',NULL,NULL,4),(499,'Universidad De Talca',19,'pendiente',NULL,NULL,4),(500,'Demo Cliente Alfa',28,'pendiente',NULL,NULL,1),(501,'Demo Cliente Beta',28,'solicitada',NULL,NULL,1),(502,'Demo Cliente Gamma',28,'agendada',NULL,NULL,1);
/*!40000 ALTER TABLE `empresas` ENABLE KEYS */;
UNLOCK TABLES;

--
-- Table structure for table `encuesta_catalogo_preguntas`
--

DROP TABLE IF EXISTS `encuesta_catalogo_preguntas`;
/*!40101 SET @saved_cs_client     = @@character_set_client */;
/*!50503 SET character_set_client = utf8mb4 */;
CREATE TABLE `encuesta_catalogo_preguntas` (
  `id` int NOT NULL AUTO_INCREMENT,
  `dimension_id` int DEFAULT NULL,
  `subdimension` varchar(100) DEFAULT NULL,
  `texto` text NOT NULL,
  `tipo` varchar(50) NOT NULL,
  `escala` int DEFAULT '5',
  `es_nps` tinyint(1) DEFAULT '0',
  `opciones_json` json DEFAULT NULL,
  `created_at` timestamp NULL DEFAULT CURRENT_TIMESTAMP,
  `activo` tinyint(1) DEFAULT '1',
  PRIMARY KEY (`id`),
  KEY `dimension_id` (`dimension_id`),
  CONSTRAINT `encuesta_catalogo_preguntas_ibfk_1` FOREIGN KEY (`dimension_id`) REFERENCES `encuesta_dimensiones` (`id`) ON DELETE SET NULL
) ENGINE=InnoDB AUTO_INCREMENT=29 DEFAULT CHARSET=utf8mb4 COLLATE=utf8mb4_0900_ai_ci;
/*!40101 SET character_set_client = @saved_cs_client */;

--
-- Dumping data for table `encuesta_catalogo_preguntas`
--

LOCK TABLES `encuesta_catalogo_preguntas` WRITE;
/*!40000 ALTER TABLE `encuesta_catalogo_preguntas` DISABLE KEYS */;
INSERT INTO `encuesta_catalogo_preguntas` VALUES (20,NULL,NULL,'¿Como te cae la ejectiva?','nps',10,0,'[]','2026-05-22 04:12:07',2),(21,NULL,NULL,'¿ si o no?','seleccion',10,0,'[\"Si\", \"No\"]','2026-05-22 04:12:34',2),(22,NULL,NULL,'Tangananica o tanganana','escala',10,0,'[]','2026-05-22 04:16:32',2),(24,9,NULL,'¿Que te gustaria realizar con nosotros?','texto',10,0,'[]','2026-05-24 16:26:10',1),(25,9,NULL,'¿si o no?','seleccion',10,0,'[\"Si\", \"No\"]','2026-05-24 16:54:11',1),(26,9,NULL,'¿nooo o siii ?','escala',10,1,'[]','2026-05-24 17:00:43',2),(27,NULL,NULL,'Nueva pregunta','escala',10,0,'[]','2026-05-27 17:40:37',1),(28,NULL,NULL,'¿Que es lo que mas le gusta de proforma? (seleccion multiple)','seleccion_multiple',10,0,'[\"Ágoras\", \"Servicio\", \"Tiempo de respuesta\", \"Tasa administracion\", \"Cercanía\"]','2026-05-27 17:48:15',1);
/*!40000 ALTER TABLE `encuesta_catalogo_preguntas` ENABLE KEYS */;
UNLOCK TABLES;

--
-- Table structure for table `encuesta_dimensiones`
--

DROP TABLE IF EXISTS `encuesta_dimensiones`;
/*!40101 SET @saved_cs_client     = @@character_set_client */;
/*!50503 SET character_set_client = utf8mb4 */;
CREATE TABLE `encuesta_dimensiones` (
  `id` int NOT NULL AUTO_INCREMENT,
  `nombre` varchar(100) NOT NULL,
  `descripcion` varchar(255) DEFAULT NULL,
  `fecha_creacion` timestamp NULL DEFAULT CURRENT_TIMESTAMP,
  PRIMARY KEY (`id`)
) ENGINE=InnoDB AUTO_INCREMENT=10 DEFAULT CHARSET=utf8mb4 COLLATE=utf8mb4_0900_ai_ci;
/*!40101 SET character_set_client = @saved_cs_client */;

--
-- Dumping data for table `encuesta_dimensiones`
--

LOCK TABLES `encuesta_dimensiones` WRITE;
/*!40000 ALTER TABLE `encuesta_dimensiones` DISABLE KEYS */;
INSERT INTO `encuesta_dimensiones` VALUES (9,'Productos',NULL,'2026-05-24 16:26:33');
/*!40000 ALTER TABLE `encuesta_dimensiones` ENABLE KEYS */;
UNLOCK TABLES;

--
-- Table structure for table `encuesta_preguntas_old`
--

DROP TABLE IF EXISTS `encuesta_preguntas_old`;
/*!40101 SET @saved_cs_client     = @@character_set_client */;
/*!50503 SET character_set_client = utf8mb4 */;
CREATE TABLE `encuesta_preguntas_old` (
  `id` int NOT NULL AUTO_INCREMENT,
  `template_id` int NOT NULL,
  `dimension_id` int DEFAULT NULL,
  `subdimension` varchar(100) DEFAULT NULL,
  `texto` text NOT NULL,
  `tipo` varchar(50) NOT NULL,
  `es_nps` tinyint(1) DEFAULT '0',
  `orden` int DEFAULT '0',
  `opciones_json` json DEFAULT NULL,
  `requerida` tinyint(1) DEFAULT '0',
  `escala` int DEFAULT '5',
  PRIMARY KEY (`id`),
  KEY `template_id` (`template_id`),
  KEY `fk_pregunta_dimension` (`dimension_id`),
  CONSTRAINT `encuesta_preguntas_old_ibfk_1` FOREIGN KEY (`template_id`) REFERENCES `encuesta_templates` (`id`),
  CONSTRAINT `fk_pregunta_dimension` FOREIGN KEY (`dimension_id`) REFERENCES `encuesta_dimensiones` (`id`) ON DELETE SET NULL ON UPDATE CASCADE
) ENGINE=InnoDB AUTO_INCREMENT=29 DEFAULT CHARSET=utf8mb4 COLLATE=utf8mb4_0900_ai_ci;
/*!40101 SET character_set_client = @saved_cs_client */;

--
-- Dumping data for table `encuesta_preguntas_old`
--

LOCK TABLES `encuesta_preguntas_old` WRITE;
/*!40000 ALTER TABLE `encuesta_preguntas_old` DISABLE KEYS */;
INSERT INTO `encuesta_preguntas_old` VALUES (9,3,NULL,'NPS Global','En una escala del 0 al 10, ¿qué tan probable es que recomiende nuestro servicio a un colega o amigo?','rating',1,1,NULL,1,5),(10,3,NULL,'Calidad de Servicio','¿Cómo calificaría la calidad general del servicio entregado?','rating',0,2,NULL,1,5),(11,3,NULL,'Tiempo de Respuesta','¿El tiempo de respuesta de su ejecutiva fue adecuado?','radio',0,3,'[\"Sí\", \"No\", \"Parcialmente\"]',1,5),(12,3,NULL,'Comentarios','¿Qué podríamos hacer diferente para mejorar su experiencia?','textarea',0,4,NULL,0,5),(17,2,NULL,'Calidad de Atención','¿Cómo calificaría la amabilidad y disposición de su ejecutiva asignada?','rating',0,1,NULL,1,5),(18,2,NULL,'Tiempo de Respuesta','¿Los tiempos de respuesta de su ejecutiva a sus dudas o solicitudes fueron adecuados?','radio',0,2,'[\"Siempre\", \"Casi siempre\", \"A veces\", \"Nunca\"]',1,5),(19,2,NULL,'NPS Ejecutiva','En base exclusivamente a la atención recibida por su ejecutiva, del 0 al 10, ¿qué tan probable es que recomiende nuestros servicios?','rating',1,3,NULL,1,5),(20,2,NULL,'Feedback Adicional','Por favor, déjenos cualquier comentario adicional para ayudar a su ejecutiva a mejorar su servicio.','textarea',0,4,NULL,0,5),(21,1,NULL,NULL,'¿Qué tan satisfecho/a se encuentra con el servicio entregado por nuestra OTIC?','nps',0,1,'[]',1,5),(22,1,NULL,NULL,'¿Recomendaría nuestros servicios a otras empresas?','nps',0,2,'[]',1,5),(23,1,NULL,NULL,'En términos generales ¿Qué tan fácil es obtener respuesta o asesoría que necesita?','seleccion',0,3,'[]',1,5),(24,1,NULL,NULL,'¿Qué tan probable es que recomiende nuestro servicio?','nps',0,4,'[]',1,5),(25,1,NULL,NULL,'¿Qué podríamos mejorar para aumentar su nivel de recomendación?','texto',0,5,'[]',1,5),(26,1,NULL,NULL,'Déjanos tus comentarios.','texto',0,6,'[]',1,5),(27,4,NULL,NULL,'¿prueba?','nps',0,1,'[]',1,5),(28,4,NULL,NULL,'otra pregunta','nps',0,2,'[]',1,5);
/*!40000 ALTER TABLE `encuesta_preguntas_old` ENABLE KEYS */;
UNLOCK TABLES;

--
-- Table structure for table `encuesta_respuestas`
--

DROP TABLE IF EXISTS `encuesta_respuestas`;
/*!40101 SET @saved_cs_client     = @@character_set_client */;
/*!50503 SET character_set_client = utf8mb4 */;
CREATE TABLE `encuesta_respuestas` (
  `id` bigint NOT NULL AUTO_INCREMENT,
  `encuesta_id` int NOT NULL,
  `pregunta_id` int NOT NULL,
  `valor_texto` text,
  `valor_numerico` decimal(10,2) DEFAULT NULL,
  `created_at` timestamp NULL DEFAULT CURRENT_TIMESTAMP,
  PRIMARY KEY (`id`),
  KEY `encuesta_id` (`encuesta_id`),
  KEY `pregunta_id` (`pregunta_id`)
) ENGINE=InnoDB AUTO_INCREMENT=31 DEFAULT CHARSET=utf8mb4 COLLATE=utf8mb4_0900_ai_ci;
/*!40101 SET character_set_client = @saved_cs_client */;

--
-- Dumping data for table `encuesta_respuestas`
--

LOCK TABLES `encuesta_respuestas` WRITE;
/*!40000 ALTER TABLE `encuesta_respuestas` DISABLE KEYS */;
INSERT INTO `encuesta_respuestas` VALUES (1,2,11,'5',5.00,'2026-05-07 16:12:51'),(2,2,12,'Si',NULL,'2026-05-07 16:12:51'),(3,2,13,'Fácil',NULL,'2026-05-07 16:12:51'),(4,2,14,'10',10.00,'2026-05-07 16:12:51'),(5,2,15,'si',NULL,'2026-05-07 16:12:51'),(6,2,16,'si',NULL,'2026-05-07 16:12:51'),(7,5,11,'5',5.00,'2026-05-07 20:13:31'),(8,5,12,'Si',NULL,'2026-05-07 20:13:31'),(9,5,13,'Fácil',NULL,'2026-05-07 20:13:31'),(10,5,14,'6',6.00,'2026-05-07 20:13:31'),(11,5,15,'nada, son los mejores',NULL,'2026-05-07 20:13:31'),(12,5,16,'Sin comentarios',NULL,'2026-05-07 20:13:31'),(13,1,11,'7',7.00,'2026-05-07 20:14:16'),(14,1,12,'Si',NULL,'2026-05-07 20:14:16'),(15,1,13,'Muy fácil',NULL,'2026-05-07 20:14:16'),(16,1,14,'10',10.00,'2026-05-07 20:14:16'),(17,1,15,'Son los mejores del mundo',NULL,'2026-05-07 20:14:16'),(18,1,16,'son los mejores',NULL,'2026-05-07 20:14:16'),(19,16,11,NULL,4.00,'2026-05-19 21:33:14'),(20,16,12,NULL,10.00,'2026-05-19 21:33:14'),(21,16,13,'mas o menos',NULL,'2026-05-19 21:33:14'),(22,16,14,NULL,10.00,'2026-05-19 21:33:14'),(23,16,15,'nada porque esta todo bien',NULL,'2026-05-19 21:33:14'),(24,16,16,'sin comentarios',NULL,'2026-05-19 21:33:14'),(25,15,24,'si',NULL,'2026-05-27 17:24:44'),(26,15,25,'No',NULL,'2026-05-27 17:24:44'),(27,15,26,NULL,7.00,'2026-05-27 17:24:44'),(28,17,24,'si',NULL,'2026-05-27 17:48:51'),(29,17,25,'Si',NULL,'2026-05-27 17:48:51'),(30,17,28,'Ágoras, Tiempo de respuesta, Tasa administracion, Servicio, Cercanía',NULL,'2026-05-27 17:48:51');
/*!40000 ALTER TABLE `encuesta_respuestas` ENABLE KEYS */;
UNLOCK TABLES;

--
-- Table structure for table `encuesta_template_preguntas`
--

DROP TABLE IF EXISTS `encuesta_template_preguntas`;
/*!40101 SET @saved_cs_client     = @@character_set_client */;
/*!50503 SET character_set_client = utf8mb4 */;
CREATE TABLE `encuesta_template_preguntas` (
  `id` int NOT NULL AUTO_INCREMENT,
  `template_id` int NOT NULL,
  `pregunta_id` int NOT NULL,
  `orden` int DEFAULT '1',
  `requerida` tinyint(1) DEFAULT '1',
  `created_at` timestamp NULL DEFAULT CURRENT_TIMESTAMP,
  PRIMARY KEY (`id`),
  UNIQUE KEY `unique_template_pregunta` (`template_id`,`pregunta_id`),
  KEY `pregunta_id` (`pregunta_id`),
  CONSTRAINT `encuesta_template_preguntas_ibfk_1` FOREIGN KEY (`template_id`) REFERENCES `encuesta_templates` (`id`) ON DELETE CASCADE,
  CONSTRAINT `encuesta_template_preguntas_ibfk_2` FOREIGN KEY (`pregunta_id`) REFERENCES `encuesta_catalogo_preguntas` (`id`) ON DELETE CASCADE
) ENGINE=InnoDB AUTO_INCREMENT=80 DEFAULT CHARSET=utf8mb4 COLLATE=utf8mb4_0900_ai_ci;
/*!40101 SET character_set_client = @saved_cs_client */;

--
-- Dumping data for table `encuesta_template_preguntas`
--

LOCK TABLES `encuesta_template_preguntas` WRITE;
/*!40000 ALTER TABLE `encuesta_template_preguntas` DISABLE KEYS */;
INSERT INTO `encuesta_template_preguntas` VALUES (50,4,24,1,1,'2026-05-24 16:47:46'),(66,4,25,2,1,'2026-05-27 17:47:00'),(67,4,28,3,1,'2026-05-27 17:48:15');
/*!40000 ALTER TABLE `encuesta_template_preguntas` ENABLE KEYS */;
UNLOCK TABLES;

--
-- Table structure for table `encuesta_templates`
--

DROP TABLE IF EXISTS `encuesta_templates`;
/*!40101 SET @saved_cs_client     = @@character_set_client */;
/*!50503 SET character_set_client = utf8mb4 */;
CREATE TABLE `encuesta_templates` (
  `id` int NOT NULL AUTO_INCREMENT,
  `nombre` varchar(100) NOT NULL,
  `version` int NOT NULL DEFAULT '1',
  `tipo` varchar(50) DEFAULT NULL,
  `activo` tinyint(1) DEFAULT '1',
  `fecha_creacion` timestamp NULL DEFAULT CURRENT_TIMESTAMP,
  PRIMARY KEY (`id`)
) ENGINE=InnoDB AUTO_INCREMENT=7 DEFAULT CHARSET=utf8mb4 COLLATE=utf8mb4_0900_ai_ci;
/*!40101 SET character_set_client = @saved_cs_client */;

--
-- Dumping data for table `encuesta_templates`
--

LOCK TABLES `encuesta_templates` WRITE;
/*!40000 ALTER TABLE `encuesta_templates` DISABLE KEYS */;
INSERT INTO `encuesta_templates` VALUES (1,'Franquicia',1,NULL,1,'2026-04-29 12:54:24'),(2,'Ejecutiva',1,NULL,2,'2026-04-29 12:54:24'),(3,'Servicio',1,NULL,2,'2026-05-04 04:08:16'),(4,'template_prueba',1,NULL,1,'2026-05-07 22:54:30'),(5,'CBC',1,NULL,2,'2026-05-08 21:26:16'),(6,'template',1,NULL,2,'2026-05-20 21:27:18');
/*!40000 ALTER TABLE `encuesta_templates` ENABLE KEYS */;
UNLOCK TABLES;

--
-- Table structure for table `encuestas`
--

DROP TABLE IF EXISTS `encuestas`;
/*!40101 SET @saved_cs_client     = @@character_set_client */;
/*!50503 SET character_set_client = utf8mb4 */;
CREATE TABLE `encuestas` (
  `id` int NOT NULL AUTO_INCREMENT,
  `ejecutiva_id` int DEFAULT NULL,
  `empresa_id` int DEFAULT NULL,
  `enviado_a` varchar(255) DEFAULT NULL,
  `token` varchar(255) DEFAULT NULL,
  `fecha_creacion` timestamp NULL DEFAULT CURRENT_TIMESTAMP,
  `template_id` int DEFAULT NULL,
  `estado` enum('pendiente','completada') DEFAULT 'pendiente',
  `fecha_respuesta` timestamp NULL DEFAULT NULL,
  `activo` tinyint(1) DEFAULT '1',
  `reunion_id` int DEFAULT NULL,
  PRIMARY KEY (`id`),
  KEY `template_id` (`template_id`),
  CONSTRAINT `encuestas_ibfk_1` FOREIGN KEY (`template_id`) REFERENCES `encuesta_templates` (`id`)
) ENGINE=InnoDB AUTO_INCREMENT=18 DEFAULT CHARSET=utf8mb4 COLLATE=utf8mb4_0900_ai_ci;
/*!40101 SET character_set_client = @saved_cs_client */;

--
-- Dumping data for table `encuestas`
--

LOCK TABLES `encuestas` WRITE;
/*!40000 ALTER TABLE `encuestas` DISABLE KEYS */;
INSERT INTO `encuestas` VALUES (1,6,128,NULL,'abea1809-a982-426b-acf2-08ae45f51dd0','2026-05-07 15:58:22',1,'completada','2026-05-07 20:14:16',1,NULL),(2,5,2,NULL,'cfaa724d-a41d-40cf-acf8-e78a73c64a71','2026-05-07 16:00:55',1,'completada','2026-05-07 16:12:51',1,NULL),(3,5,8,NULL,'79c47efd-6be1-4782-94fe-5dd90564a554','2026-05-07 17:24:41',1,'pendiente',NULL,1,NULL),(4,5,8,'crivera@proforma.cl','59ddd2b0-45a4-4530-9c10-f53bedc7276b','2026-05-07 17:33:55',1,'pendiente',NULL,1,NULL),(5,5,7,'crivera@proforma.cl','0a907867-63a2-411c-8e23-72adf78a3554','2026-05-07 19:12:05',1,'completada','2026-05-07 20:13:31',1,NULL),(6,5,54,NULL,'152600bd-88c8-4c6f-b1ca-ec1944747223','2026-05-07 22:57:05',4,'pendiente',NULL,1,NULL),(7,5,9,NULL,'309d681a-f925-4ab0-b431-333aaf94dd96','2026-05-08 14:26:24',1,'pendiente',NULL,1,NULL),(8,5,58,'crivera@proforma.cl','97a90f20-1293-433b-bd11-6ed147e4d5fc','2026-05-08 21:12:42',1,'pendiente',NULL,1,NULL),(9,5,5,'crivera@proforma.cl','898f96f1-c8a0-4054-a891-f63142abfd05','2026-05-08 22:07:11',1,'pendiente',NULL,1,NULL),(10,9,67,'camilorivera.bravo@gmail.com','e4f640f3-dcbe-4eab-a11a-fd957d90b515','2026-05-11 18:22:50',1,'pendiente',NULL,1,122),(11,5,50,'camilorivera.bravo@gmail.com','cc234f80-165e-47e5-8ab0-f4ceb223db48','2026-05-11 18:22:51',1,'pendiente',NULL,1,123),(12,5,37,'camilorivera.bravo@gmail.com','7474937c-ae69-4e62-ae85-ebe5ce9c8268','2026-05-11 18:53:13',1,'pendiente',NULL,1,NULL),(13,9,59,'lbecerra@proforma.cl','871b8342-d227-4c8a-b5e4-43de9fd2fcb6','2026-05-11 21:55:52',1,'pendiente',NULL,1,NULL),(14,14,247,'crivera@proforma.cl','9a1b0aff-d55b-45e8-86b3-866579884a0c','2026-05-19 19:47:32',1,'pendiente',NULL,1,145),(15,13,11,'crivera@proforma.cl','4a12ef21-31b6-454c-9894-dbdc7f29af86','2026-05-19 21:25:43',1,'completada','2026-05-27 17:24:44',1,146),(16,13,52,'crivera@proforma.cl','78280167-ae04-4264-99bf-5431ca58640b','2026-05-19 21:30:15',1,'completada','2026-05-19 21:33:14',1,NULL),(17,14,184,NULL,'b205aa0f-e7d0-467f-b007-746359aa422a','2026-05-27 17:48:24',4,'completada','2026-05-27 17:48:51',1,NULL);
/*!40000 ALTER TABLE `encuestas` ENABLE KEYS */;
UNLOCK TABLES;

--
-- Table structure for table `old_ejecutivas`
--

DROP TABLE IF EXISTS `old_ejecutivas`;
/*!40101 SET @saved_cs_client     = @@character_set_client */;
/*!50503 SET character_set_client = utf8mb4 */;
CREATE TABLE `old_ejecutivas` (
  `id` int NOT NULL AUTO_INCREMENT,
  `nombre` varchar(100) NOT NULL,
  `cargo_id` int DEFAULT '2',
  `correo` varchar(150) DEFAULT NULL,
  `jefatura_id` int DEFAULT NULL,
  PRIMARY KEY (`id`),
  KEY `fk_cargo` (`cargo_id`),
  KEY `fk_jefatura` (`jefatura_id`),
  CONSTRAINT `fk_cargo` FOREIGN KEY (`cargo_id`) REFERENCES `ejecutiva_cargos` (`id`),
  CONSTRAINT `fk_jefatura` FOREIGN KEY (`jefatura_id`) REFERENCES `old_jefaturas` (`id`)
) ENGINE=InnoDB AUTO_INCREMENT=10 DEFAULT CHARSET=utf8mb4 COLLATE=utf8mb4_0900_ai_ci;
/*!40101 SET character_set_client = @saved_cs_client */;

--
-- Dumping data for table `old_ejecutivas`
--

LOCK TABLES `old_ejecutivas` WRITE;
/*!40000 ALTER TABLE `old_ejecutivas` DISABLE KEYS */;
INSERT INTO `old_ejecutivas` VALUES (1,'Beatriz Silva',2,'crivera@proforma.cl',2),(2,'Carolina Osorio',2,'crivera@proforma.cl',3),(3,'Luisa Bravo',2,'crivera@proforma.cl',4),(4,'Valentina Alarcon',2,'crivera@proforma.cl',5),(5,'Camilo Rivera',2,'crivera@proforma.cl',2),(6,'Tomás Parada',2,'crivera@proforma.cl',3),(7,'Monica Sanchez',2,'crivera@proforma.cl',5),(8,'Camila Meneses',2,'crivera@proforma.cl',4),(9,'Lyan Becerra',2,'crivera@proforma.cl',2);
/*!40000 ALTER TABLE `old_ejecutivas` ENABLE KEYS */;
UNLOCK TABLES;

--
-- Table structure for table `old_jefaturas`
--

DROP TABLE IF EXISTS `old_jefaturas`;
/*!40101 SET @saved_cs_client     = @@character_set_client */;
/*!50503 SET character_set_client = utf8mb4 */;
CREATE TABLE `old_jefaturas` (
  `id` int NOT NULL AUTO_INCREMENT,
  `nombre` varchar(100) NOT NULL,
  `correo` varchar(150) DEFAULT NULL,
  PRIMARY KEY (`id`)
) ENGINE=InnoDB AUTO_INCREMENT=6 DEFAULT CHARSET=utf8mb4 COLLATE=utf8mb4_0900_ai_ci;
/*!40101 SET character_set_client = @saved_cs_client */;

--
-- Dumping data for table `old_jefaturas`
--

LOCK TABLES `old_jefaturas` WRITE;
/*!40000 ALTER TABLE `old_jefaturas` DISABLE KEYS */;
INSERT INTO `old_jefaturas` VALUES (2,'Beatriz Silva','crivera@proforma.cl'),(3,'Carolina Osorio','crivera@proforma.cl'),(4,'Luisa Bravo','crivera@proforma.cl'),(5,'Valentina Alarcon','crivera@proforma.cl');
/*!40000 ALTER TABLE `old_jefaturas` ENABLE KEYS */;
UNLOCK TABLES;

--
-- Table structure for table `respuestas`
--

DROP TABLE IF EXISTS `respuestas`;
/*!40101 SET @saved_cs_client     = @@character_set_client */;
/*!50503 SET character_set_client = utf8mb4 */;
CREATE TABLE `respuestas` (
  `id` int NOT NULL AUTO_INCREMENT,
  `encuesta_id` int NOT NULL,
  `respuestas_json` json NOT NULL,
  `fecha_respuesta` timestamp NULL DEFAULT CURRENT_TIMESTAMP,
  PRIMARY KEY (`id`),
  KEY `encuesta_id` (`encuesta_id`),
  CONSTRAINT `respuestas_ibfk_1` FOREIGN KEY (`encuesta_id`) REFERENCES `encuestas` (`id`)
) ENGINE=InnoDB DEFAULT CHARSET=utf8mb4 COLLATE=utf8mb4_0900_ai_ci;
/*!40101 SET character_set_client = @saved_cs_client */;

--
-- Dumping data for table `respuestas`
--

LOCK TABLES `respuestas` WRITE;
/*!40000 ALTER TABLE `respuestas` DISABLE KEYS */;
/*!40000 ALTER TABLE `respuestas` ENABLE KEYS */;
UNLOCK TABLES;

--
-- Table structure for table `reuniones`
--

DROP TABLE IF EXISTS `reuniones`;
/*!40101 SET @saved_cs_client     = @@character_set_client */;
/*!50503 SET character_set_client = utf8mb4 */;
CREATE TABLE `reuniones` (
  `id` int NOT NULL AUTO_INCREMENT,
  `id_reunion` varchar(50) DEFAULT NULL,
  `ejecutiva_id` int NOT NULL,
  `enviado_a` varchar(255) DEFAULT NULL,
  `enviado_por` varchar(255) DEFAULT NULL,
  `participantes` text,
  `tipo_reu` varchar(100) DEFAULT NULL,
  `fecha_reu` date DEFAULT NULL,
  `hora` time DEFAULT NULL,
  `lugar` varchar(255) DEFAULT NULL,
  `documentos_adjuntos` text,
  `motivo_reu` text,
  `minuta` text,
  `form_f` varchar(255) DEFAULT NULL,
  `created_at` timestamp NULL DEFAULT CURRENT_TIMESTAMP,
  `empresa_id` int NOT NULL,
  `direccion` varchar(255) DEFAULT NULL,
  `programado_para` datetime DEFAULT NULL,
  `estado_envio` varchar(20) DEFAULT 'enviado',
  `archivos_nombres` text,
  `programar_encuesta` tinyint(1) DEFAULT '0',
  `encuesta_tipo` varchar(100) DEFAULT NULL,
  `encuesta_programada_para` datetime DEFAULT NULL,
  `encuesta_estado_envio` varchar(20) DEFAULT 'pendiente',
  `encuesta_relacionada` tinyint(1) DEFAULT '0',
  PRIMARY KEY (`id`),
  KEY `ejecutiva_id` (`ejecutiva_id`),
  KEY `empresa_id` (`empresa_id`),
  CONSTRAINT `reuniones_ibfk_2` FOREIGN KEY (`empresa_id`) REFERENCES `empresas` (`id`)
) ENGINE=InnoDB AUTO_INCREMENT=149 DEFAULT CHARSET=utf8mb4 COLLATE=utf8mb4_0900_ai_ci;
/*!40101 SET character_set_client = @saved_cs_client */;

--
-- Dumping data for table `reuniones`
--

LOCK TABLES `reuniones` WRITE;
/*!40000 ALTER TABLE `reuniones` DISABLE KEYS */;
INSERT INTO `reuniones` VALUES (1,'REU-2026-0001',6,'Prueba@prueba.cl','camilo@camilo.cl','camilo prueba rivera','Resolver dudas','2026-04-11','10:00:00','Teams','ninguno','asd','ads','asd','2026-04-11 20:56:38',114,NULL,NULL,'enviado',NULL,0,NULL,NULL,'pendiente',0),(2,'REU-2026-0002',5,'crivera@proforma.cl','crivera@proforma.cl','camilo 2','Negativos/Aportes','2026-04-11','10:49:00','Resolver dudas','ninguno','Empresa esta en negativo por nuevas inscripciones','Aqui va la minuta','NO','2026-04-12 12:43:41',11,NULL,NULL,'enviado',NULL,0,NULL,NULL,'pendiente',0),(3,'REU-2026-0003',5,'crivera@proforma.cl','crivera@proforma.cl','camilo prueba rivera','Inducción','2026-04-11','10:47:00','Inducción','ninguno','Ágoras','minuta','NO','2026-04-12 12:45:29',67,NULL,NULL,'enviado',NULL,0,NULL,NULL,'pendiente',0),(4,'REU-2026-0004',5,'crivera@proforma.cl','Camilo','camilo prueba rivera','','2026-03-12','10:00:00','Resolver dudas','ninguno','Empresa esta en negativo por nuevas inscripciones','dasd','NO','2026-04-13 15:14:13',3,NULL,NULL,'enviado',NULL,0,NULL,NULL,'pendiente',0),(5,'REU-2026-0005',5,'crivera@proforma.cl','Camilo','camilo prueba rivera','Resolver dudas','2026-11-10','10:30:00','Resolver dudas','ninguno','Empresa esta en negativo por nuevas inscripciones','asd','NO','2026-04-13 15:25:20',15,NULL,NULL,'enviado',NULL,0,NULL,NULL,'pendiente',0),(6,'REU-2026-0006',5,'Prueba@prueba.cl','Camilo Rivera','qwe','Resolver dudas','2026-02-10','10:01:00','Resolver dudas','ninguno','Empresa esta en negativo por nuevas inscripciones','asd','NO','2026-04-13 17:56:43',18,NULL,NULL,'enviado',NULL,0,NULL,NULL,'pendiente',0),(7,'REU-2026-0007',5,'crivera@proforma.cl','Camila Meneses','camilo prueba rivera','Resolver dudas','2025-12-10','10:10:00','Resolver dudas','ninguno','Empresa esta en negativo por nuevas inscripciones','10','NO','2026-04-13 18:00:01',11,NULL,NULL,'enviado',NULL,0,NULL,NULL,'pendiente',0),(8,'REU-2026-0008',5,'crivera@proforma.cl','Lyan Becerra','camilo prueba rivera','Resolver dudas','2012-10-10','10:10:00','Resolver dudas','asd','Empresa esta en negativo por nuevas inscripciones','asd','NO','2026-04-13 18:08:39',15,NULL,NULL,'enviado',NULL,0,NULL,NULL,'pendiente',0),(9,'REU-2026-0009',5,'crivera@proforma.cl','Camila Meneses','qwe','Resolver dudas','2026-12-10','10:12:00','Resolver dudas','no','Empresa esta en negativo por nuevas inscripciones','asdasd','NO','2026-04-13 18:18:57',12,NULL,NULL,'enviado',NULL,0,NULL,NULL,'pendiente',0),(10,'REU-2026-0010',5,'crivera@proforma.cl','Camila Meneses','camilo prueba rivera','Resolver dudas','2025-10-10','10:10:00','Resolver dudas','10','Empresa esta en negativo por nuevas inscripciones','10101','NO','2026-04-13 18:20:24',16,NULL,NULL,'enviado',NULL,0,NULL,NULL,'pendiente',0),(11,'REU-2026-0011',5,'crivera@proforma.cl','Camilo Rivera','camilo prueba rivera','Inducción','2026-10-10','10:20:00','Resolver dudas','ninguno','Empresa esta en negativo por nuevas inscripciones','1010','NO','2026-04-13 18:27:45',16,NULL,NULL,'enviado',NULL,0,NULL,NULL,'pendiente',0),(12,'REU-2026-0012',5,'crivera@proforma.cl','Camilo Rivera','camilo prueba rivera','Resolver dudas','2025-12-10','10:10:00','Resolver dudas','10','Empresa esta en negativo por nuevas inscripciones','1010','NO','2026-04-13 19:53:00',14,NULL,NULL,'enviado',NULL,0,NULL,NULL,'pendiente',0),(13,'REU-2026-0013',8,'crivera@proforma.cl','Camila Meneses','Aqui van los participantes, uno por uno, para poder detallarlos en la minuta','Resolver dudas','2026-12-10','10:10:00','Resolver dudas','ningunoasd','Empresa esta en negativo por nuevas inscripciones','Aqui va la minuta','NO','2026-04-13 20:00:49',258,NULL,NULL,'enviado',NULL,0,NULL,NULL,'pendiente',0),(14,'REU-2026-0014',5,'crivera@proforma.cl','Camilo Rivera','Camilo Rivera, Lyan Becerra, Cecilia Carvajal, Pilar Campos, Etc etc.','Resolver dudas','2026-12-10','10:10:00','Resolver dudas','10','Empresa esta en negativo por nuevas inscripciones','101','NO','2026-04-13 20:02:09',13,NULL,NULL,'enviado',NULL,0,NULL,NULL,'pendiente',0),(15,'REU-2026-0015',5,'crivera@proforma.cl','Camilo Rivera','camilo prueba rivera','Inducción','2026-10-10','10:10:00','Negativos/Aportes','ninguno','Empresa esta en negativo por nuevas inscripciones','asdsad','NO','2026-04-13 22:53:34',8,NULL,NULL,'enviado',NULL,0,NULL,NULL,'pendiente',0),(16,'REU-2026-0016',5,'crivera@proforma.cl','Lyan Becerra','camilo prueba rivera','Inducción','2026-10-10','10:10:00','Zoom','ninguno','Empresa esta en negativo por nuevas inscripciones','minuta','SI','2026-04-14 14:05:58',14,NULL,NULL,'enviado',NULL,0,NULL,NULL,'pendiente',0),(17,'REU-2026-0017',6,'crivera@proforma.cl','Camilo Rivera','camilo 2','Inducción','2026-10-10','10:10:00','Presencial','10','Empresa esta en negativo por nuevas inscripciones','Aqui va la minuta','NO','2026-04-14 14:08:11',107,NULL,NULL,'enviado',NULL,0,NULL,NULL,'pendiente',0),(18,'REU-2026-0018',6,'crivera@proforma.cl','Camilo Rivera','camilo prueba rivera','','2026-10-10','10:10:00','Microsoft Teams','10','Empresa esta en negativo por nuevas inscripciones','1010','NO','2026-04-14 14:10:48',116,NULL,NULL,'enviado',NULL,0,NULL,NULL,'pendiente',0),(19,'REU-2026-0019',6,'crivera@proforma.cl','Carolina Osorio','1010','Inducción','2026-10-10','10:10:00','Microsoft Teams','ninguno','Empresa esta en negativo por nuevas inscripciones','1010','NO','2026-04-14 14:20:21',113,NULL,NULL,'enviado',NULL,0,NULL,NULL,'pendiente',0),(20,'REU-2026-0020',8,'crivera@proforma.cl','Carolina Osorio','camilo prueba rivera','Inducción','2026-10-10','10:10:00','Google Meet','10','Empresa esta en negativo por nuevas inscripciones','1010','SI','2026-04-14 14:24:56',259,NULL,NULL,'enviado',NULL,0,NULL,NULL,'pendiente',0),(21,'REU-2026-0021',5,'crivera@proforma.cl','Beatriz Silva','camilo prueba rivera','Inducción','2026-02-01','10:10:00','Microsoft Teams','10101','Empresa esta en negativo por nuevas inscripciones','100110','NO','2026-04-14 14:26:11',18,NULL,NULL,'enviado',NULL,0,NULL,NULL,'pendiente',0),(22,'REU-2026-0022',6,'crivera@proforma.cl, camilorivera.bravo@gmail.com','Camilo Rivera','camilo prueba rivera','Inducción','2026-10-10','10:10:00','Presencial','ninguno','Empresa esta en negativo por nuevas inscripciones','adasd','NO','2026-04-14 17:15:09',114,NULL,NULL,'enviado',NULL,0,NULL,NULL,'pendiente',0),(23,'REU-2026-0023',5,'crivera@proforma.cl','Camila Meneses','camilo prueba rivera','Resolver dudas','2026-10-10','10:10:00','Microsoft Teams','ninguno','Empresa esta en negativo por nuevas inscripciones','1045','NO','2026-04-14 18:40:34',15,NULL,NULL,'enviado',NULL,0,NULL,NULL,'pendiente',0),(24,'REU-2026-0024',6,'crivera@proforma.cl','Camilo Rivera','qeqwewq','Resolver dudas','2026-10-10','10:10:00','Presencial','ninguno','Empresa esta en negativo por nuevas inscripciones','qwewq','NO','2026-04-14 18:43:55',115,NULL,NULL,'enviado',NULL,0,NULL,NULL,'pendiente',0),(25,'REU-2026-0025',6,'crivera@proforma.cl, camilorivera.bravo@gmail.com','Camilo Rivera','camilo prueba rivera','Inducción','2026-10-10','10:10:00','Zoom','10','Empresa esta en negativo por nuevas inscripciones','asd','NO','2026-04-14 19:05:25',114,NULL,NULL,'enviado',NULL,0,NULL,NULL,'pendiente',0),(26,'REU-2026-0026',6,'crivera@proforma.cl, camilorivera.bravo@gmail.com','Camilo Rivera','camilo prueba rivera','Inducción','2026-10-10','10:10:00','Microsoft Teams','ninguno','Empresa esta en negativo por nuevas inscripciones','qweqwe','NO','2026-04-14 19:15:44',151,NULL,NULL,'enviado',NULL,0,NULL,NULL,'pendiente',0),(27,'REU-2026-0027',6,'crivera@proforma.cl, camilorivera.bravo@gmail.com','Luisa Bravo','camilo prueba rivera','Resolver dudas','2026-10-10','10:10:00','Zoom','ningunoqwe','Empresa esta en negativo por nuevas inscripciones','qwewqe','','2026-04-14 19:25:58',112,NULL,NULL,'enviado',NULL,0,NULL,NULL,'pendiente',0),(28,'REU-2026-0028',6,'crivera@proforma.cl, camilorivera.bravo@gmail.com','Carolina Osorio','camilo prueba rivera','Inducción','2026-10-10','10:00:00','Microsoft Teams','ninguno','Empresa esta en negativo por nuevas inscripciones','41','NO','2026-04-14 19:32:14',113,NULL,NULL,'enviado',NULL,0,NULL,NULL,'pendiente',0),(29,'REU-2026-0029',8,'crivera@proforma.cl','Beatriz Silva','camilo prueba rivera','Inducción','2026-10-10','10:10:00','Zoom','ninguno','','asdas','NO','2026-04-14 22:00:25',268,NULL,NULL,'enviado',NULL,0,NULL,NULL,'pendiente',0),(30,'REU-2026-0030',7,'crivera@proforma.cl','Camilo Rivera','camilo prueba rivera','Resolver dudas','2026-10-10','10:10:00','Google Meet','asd','asdad','asd','NO','2026-04-14 22:02:46',195,NULL,NULL,'enviado',NULL,0,NULL,NULL,'pendiente',0),(31,'REU-2026-0031',5,'crivera@proforma.cl','Camila Meneses','camilo prueba rivera','Inducción','2026-10-10','10:10:00','Zoom','ninguno','Empresa esta en negativo por nuevas inscripciones','asdasd','NO','2026-04-14 22:21:58',14,NULL,NULL,'enviado',NULL,0,NULL,NULL,'pendiente',0),(32,'REU-2026-0032',6,'crivera@proforma.cl','Carolina Osorio','asdsad','Inducción','2026-10-10','10:10:00','Zoom','10a','Empresa esta en negativo por nuevas inscripciones','asd','NO','2026-04-14 22:23:12',114,NULL,NULL,'enviado',NULL,0,NULL,NULL,'pendiente',0),(33,'REU-2026-0033',5,'crivera@proforma.cl','Carolina Osorio','camilo prueba rivera','Resolver dudas','2026-10-10','10:00:00','Microsoft Teams','10','Empresa esta en negativo por nuevas inscripciones','4242','NO','2026-04-15 12:09:18',13,NULL,NULL,'enviado',NULL,0,NULL,NULL,'pendiente',0),(34,'REU-2026-0034',6,'crivera@proforma.cl','Carolina Osorio','camilo 2','Resolver dudas','2025-10-10','10:10:00','Microsoft Teams','10','Empresa esta en negativo por nuevas inscripciones','10','NO','2026-04-15 12:11:14',111,NULL,NULL,'enviado',NULL,0,NULL,NULL,'pendiente',0),(35,'REU-2026-0035',6,'crivera@proforma.cl','camilo_rivera','camilo prueba rivera','Resolver dudas','2022-10-10','10:10:00','Microsoft Teams','10','Empresa esta en negativo por nuevas inscripciones','4242','NO','2026-04-15 12:40:12',101,NULL,NULL,'enviado',NULL,0,NULL,NULL,'pendiente',0),(36,'REU-2026-0036',5,'crivera@proforma.cl','camilo_rivera','camilo prueba rivera','Resolver dudas','2020-10-10','20:20:00','Microsoft Teams','ninguno','Empresa esta en negativo por nuevas inscripciones','45','NO','2026-04-15 12:41:31',1,NULL,NULL,'enviado',NULL,0,NULL,NULL,'pendiente',0),(37,'REU-2026-0037',6,'crivera@proforma.cl','camilo_rivera','camilo prueba rivera','Inducción','2025-10-10','10:10:00','Microsoft Teams','1010','','1010','NO','2026-04-15 12:42:17',102,NULL,NULL,'enviado',NULL,0,NULL,NULL,'pendiente',0),(38,'REU-2026-0038',7,'crivera@proforma.cl','camilo_rivera','camilo prueba rivera','Resolver dudas','1010-10-10','10:10:00','Zoom','10','Empresa esta en negativo por nuevas inscripciones','1010','NO','2026-04-15 12:48:07',197,NULL,NULL,'enviado',NULL,0,NULL,NULL,'pendiente',0),(39,'REU-2026-0039',5,'crivera@proforma.cl','camilo_rivera','camilo prueba rivera','Resolver dudas','2026-10-10','10:10:00','Google Meet','ninguno','Empresa esta en negativo por nuevas inscripciones','asdsad','NO','2026-04-15 12:53:31',15,NULL,NULL,'enviado',NULL,0,NULL,NULL,'pendiente',0),(40,'REU-2026-0040',7,'crivera@proforma.cl','camilo_rivera','camilo prueba rivera','Resolver dudas','2022-10-10','10:10:00','Microsoft Teams','10100','Empresa esta en negativo por nuevas inscripciones','1010','NO','2026-04-15 12:59:01',185,NULL,NULL,'enviado',NULL,0,NULL,NULL,'pendiente',0),(41,'REU-2026-0041',6,'crivera@proforma.cl','lyan_becerra','camilo prueba rivera','Resolver dudas','1010-10-10','10:10:00','Zoom','1010','Empresa esta en negativo por nuevas inscripciones','10101','NO','2026-04-15 13:02:29',114,NULL,NULL,'enviado',NULL,0,NULL,NULL,'pendiente',0),(42,'REU-2026-0042',5,'crivera@proforma.cl, camilorivera.bravo@gmail.com','camilo_rivera','qwewqe','Resolver dudas','2026-10-10','10:10:00','Google Meet','ninguno','Empresa esta en negativo por nuevas inscripciones','1010','NO','2026-04-15 13:05:56',14,NULL,NULL,'enviado',NULL,0,NULL,NULL,'pendiente',0),(43,'REU-2026-0043',7,'crivera@proforma.cl','camilo_rivera','camilo prueba rivera','Inducción','2026-10-10','10:10:00','Microsoft Teams','ninguno','Empresa esta en negativo por nuevas inscripciones','1010','NO','2026-04-15 13:06:50',194,NULL,NULL,'enviado',NULL,0,NULL,NULL,'pendiente',0),(44,'REU-2026-0044',6,'crivera@proforma.cl, camilorivera.bravo@gmail.com','luisa_bravo','camilo prueba rivera','Resolver dudas','2026-10-10','10:10:00','Microsoft Teams','ninguno','Empresa esta en negativo por nuevas inscripciones','1010','SI','2026-04-15 13:25:01',113,NULL,NULL,'enviado',NULL,0,NULL,NULL,'pendiente',0),(45,'REU-2026-0045',6,'crivera@proforma.cl, camilorivera.bravo@gmail.com','carolina_osorio','camilo prueba rivera','Resolver dudas','2026-10-10','10:10:00','Microsoft Teams','10','','1010','NO','2026-04-15 13:27:04',102,NULL,NULL,'enviado',NULL,0,NULL,NULL,'pendiente',0),(46,'REU-2026-0046',7,'crivera@proforma.cl, camilorivera.bravo@gmail.com','carolina_osorio','camilo prueba rivera','Resolver dudas','1010-10-10','10:10:00','Microsoft Teams','ninguno','','1010','NO','2026-04-15 13:27:44',196,NULL,NULL,'enviado',NULL,0,NULL,NULL,'pendiente',0),(47,'REU-2026-0047',5,'crivera@proforma.cl, camilorivera.bravo@gmail.com','lyan_becerra','camilo prueba rivera','Resolver dudas','2026-10-10','10:10:00','Microsoft Teams','ninguno','Empresa esta en negativo por nuevas inscripciones','101010','NO','2026-04-15 13:32:38',14,NULL,NULL,'enviado',NULL,0,NULL,NULL,'pendiente',0),(48,'REU-2026-0048',6,'crivera@proforma.cl, camilorivera.bravo@gmail.com','beatriz_silva','camilo 2','Resolver dudas','2026-04-15','10:10:00','Microsoft Teams','ninguno','Empresa esta en negativo por nuevas inscripciones','asdsa','SI','2026-04-15 13:35:27',115,NULL,NULL,'enviado',NULL,0,NULL,NULL,'pendiente',0),(49,'REU-2026-0049',6,'crivera@proforma.cl, camilorivera.bravo@gmail.com','camilo_rivera','camilo prueba rivera','Resolver dudas','2026-04-15','10:10:00','Microsoft Teams','10','Empresa esta en negativo por nuevas inscripciones','asda','SI','2026-04-15 13:36:23',113,NULL,NULL,'enviado',NULL,0,NULL,NULL,'pendiente',0),(50,'REU-2026-0050',6,'crivera@proforma.cl, camilorivera.bravo@gmail.com','carolina_osorio','camilo prueba rivera','Resolver dudas','2026-04-22','10:00:00','Microsoft Teams','10','Empresa esta en negativo por nuevas inscripciones','asdsad','SI','2026-04-15 13:38:48',115,NULL,NULL,'enviado',NULL,0,NULL,NULL,'pendiente',0),(51,'REU-2026-0051',5,'crivera@proforma.cl','camilo_rivera','Camilo Rivera, Pedro Palote.','Resolver dudas','1010-10-10','10:10:00','Microsoft Teams','ninguno','Empresa esta en negativo por nuevas inscripciones','## titulo: desarrollo\n\n- asdasd ','SI','2026-04-15 22:48:34',14,NULL,NULL,'enviado',NULL,0,NULL,NULL,'pendiente',0),(52,'REU-2026-0052',5,'crivera@proforma.cl, camilorivera.bravo@gmail.com','carolina_osorio','Camilo Rivera, Pedro Palote.','Resolver dudas','2026-10-10','10:10:00','Microsoft Teams','ninguno','Empresa esta en negativo por nuevas inscripciones','## titulo\n1.lista 1\n2.sasdsad\n**asdas** adasd\n* adsas\n* asdsad','','2026-04-16 16:13:34',50,NULL,NULL,'enviado',NULL,0,NULL,NULL,'pendiente',0),(53,'REU-2026-0053',5,'crivera@proforma.cl, camilorivera.bravo@gmail.com','camila_meneses','camilo prueba rivera','Resolver dudas','2026-10-10','10:10:00','Microsoft Teams','ninguno','Empresa esta en negativo por nuevas inscripciones','### Titulo\nPapas fritas\n\n>*Esto es un final*','SI','2026-04-16 18:55:50',11,NULL,NULL,'enviado',NULL,0,NULL,NULL,'pendiente',0),(54,'REU-2026-0054',5,'crivera@proforma.cl, camilorivera.bravo@gmail.com','camila_meneses','Camilo Rivera, Pedro Palote.','Resolver dudas','2026-10-04','10:10:00','Microsoft Teams','ninguno','Empresa esta en negativo por nuevas inscripciones','### asdasd\naasdasdsa','SI','2026-04-16 20:59:19',15,NULL,NULL,'enviado',NULL,0,NULL,NULL,'pendiente',0),(55,'REU-2026-0055',5,'crivera@proforma.cl, camilorivera.bravo@gmail.com','camilo_rivera','camilo prueba rivera','Resolver dudas','2026-10-10','10:10:00','Microsoft Teams','ninguno','Empresa esta en negativo por nuevas inscripciones','## Asi es el titulo\n* Asi es es desarrollo\n* Asi es el otro desarrollo\n\n### Asi es un titulo pequeño\n1. Asi es una lista\n3. asdsadas\n4. asdasdasasd\n4. asdjaskdkasd\n4. adasdasda\n\n---------------------\n\n\n\n\nSeparador\nasdasdasdasd\n\n---\n\nasdsadsadas\nasdas\ndas\ndas\ndas\ndas\ndas\nd\nasd\nas\ndasd','SI','2026-04-16 21:31:57',14,NULL,NULL,'enviado',NULL,0,NULL,NULL,'pendiente',0),(56,'REU-2026-0056',6,'crivera@proforma.cl','camilo_rivera','camilo prueba rivera','Inducción','2026-10-10','10:10:00','Zoom','ninguno','Empresa esta en negativo por nuevas inscripciones','asdasda \nasdasdas\n as \nasd \nas','NO','2026-04-16 21:32:54',114,NULL,NULL,'enviado',NULL,0,NULL,NULL,'pendiente',0),(57,'REU-2026-0057',6,'crivera@proforma.cl','camilo_rivera','camilo 2','Inducción','0110-10-10','10:10:00','Google Meet','ninguno','Empresa esta en negativo por nuevas inscripciones','asdasda \nasdasdas \nas \nasd \nas','SI','2026-04-16 21:36:15',114,NULL,NULL,'enviado',NULL,0,NULL,NULL,'pendiente',0),(58,'REU-2026-0058',6,'crivera@proforma.cl','beatriz_silva','Camilo Rivera, Pedro Palote.','Resolver dudas','1010-10-10','10:10:00','Microsoft Teams','ninguno','Empresa esta en negativo por nuevas inscripciones','asdasd\nasd\nasdas\ndas\nda\nsd\n','NO','2026-04-16 21:37:44',109,NULL,NULL,'enviado',NULL,0,NULL,NULL,'pendiente',0),(59,'REU-2026-0059',6,'crivera@proforma.cl','carolina_osorio','camilo prueba rivera','Resolver dudas','0010-10-10','10:10:00','Microsoft Teams','101','','asdasdas\nasdasdasd\nasdasdas\n112312\n','NO','2026-04-16 21:39:27',113,NULL,NULL,'enviado',NULL,0,NULL,NULL,'pendiente',0),(60,'REU-2026-0060',7,'crivera@proforma.cl, camilorivera.bravo@gmail.com','camilo_rivera','camilo prueba rivera','Resolver dudas','0100-10-10','10:01:00','Zoom','10101','Empresa esta en negativo por nuevas inscripciones','asdasd\nasdasdas\nasdasd','NO','2026-04-16 21:41:41',194,NULL,NULL,'enviado',NULL,0,NULL,NULL,'pendiente',0),(61,'REU-2026-0061',6,'crivera@proforma.cl, camilorivera.bravo@gmail.com','carolina_osorio','camilo prueba rivera','Inducción','0101-10-10','10:10:00','Zoom','ninguno','Empresa esta en negativo por nuevas inscripciones','asdas \nasdasdas\ndas\nasdas\nasd\n## asdasda\n','SI','2026-04-16 21:44:05',113,NULL,NULL,'enviado',NULL,0,NULL,NULL,'pendiente',0),(62,'REU-2026-0062',7,'crivera@proforma.cl','beatriz_silva','camilo prueba rivera','Resolver dudas','0101-10-10','10:10:00','Zoom','101010','Empresa esta en negativo por nuevas inscripciones','asdsadasdas\nasdasdasdsad\nasdasd\nasdasd\nasd\n123123\nasdasd','NO','2026-04-16 21:48:42',192,NULL,NULL,'enviado',NULL,0,NULL,NULL,'pendiente',0),(63,'REU-2026-0063',5,'crivera@proforma.cl','camilo_rivera','camilo prueba rivera','Resolver dudas','1010-10-10','10:10:00','Microsoft Teams','1010','Empresa esta en negativo por nuevas inscripciones','adasd\nasdasd\nasdasdsadas\n123123','SI','2026-04-16 21:51:48',12,NULL,NULL,'enviado',NULL,0,NULL,NULL,'pendiente',0),(64,'REU-2026-0064',7,'crivera@proforma.cl','camilo_rivera','camilo 2','Inducción','1010-10-10','10:01:00','Microsoft Teams','ninguno','Empresa esta en negativo por nuevas inscripciones','1231231\n12312321\nqdqas\nasdas\nas\na','NO','2026-04-16 21:55:42',194,NULL,NULL,'enviado',NULL,0,NULL,NULL,'pendiente',0),(65,'REU-2026-0065',7,'crivera@proforma.cl','beatriz_silva','camilo prueba rivera','Resolver dudas','1010-10-10','10:10:00','Microsoft Teams','ninguno','Empresa esta en negativo por nuevas inscripciones','5454\n54\n532\n3\n15\n\n\nasdasdsad','SI','2026-04-16 21:57:22',195,NULL,NULL,'enviado',NULL,0,NULL,NULL,'pendiente',0),(66,'REU-2026-0066',6,'crivera@proforma.cl','camila_meneses','camilo prueba rivera','Resolver dudas','0010-10-10','10:10:00','Zoom','ninguno','Empresa esta en negativo por nuevas inscripciones','1231\nqdqwe\n123123','NO','2026-04-16 21:58:05',114,NULL,NULL,'enviado',NULL,0,NULL,NULL,'pendiente',0),(67,'REU-2026-0067',5,'crivera@proforma.cl','camila_meneses','camilo prueba rivera','Inducción','1010-10-10','10:10:00','Microsoft Teams','ninguno','Empresa esta en negativo por nuevas inscripciones','laskdlasd\nasjkdaskd\nakdjask','SI','2026-04-16 22:10:02',13,NULL,NULL,'enviado',NULL,0,NULL,NULL,'pendiente',0),(68,'REU-2026-0068',6,'crivera@proforma.cl','carolina_osorio','camilo prueba rivera','Resolver dudas','1010-10-10','10:10:00','Google Meet','ninguno','Empresa esta en negativo por nuevas inscripciones','1. asdsad\nasdasdsadasdasdasdad','SI','2026-04-16 22:13:25',102,NULL,NULL,'enviado',NULL,0,NULL,NULL,'pendiente',0),(69,'REU-2026-0069',5,'crivera@proforma.cl, camilorivera.bravo@gmail.com','camilo_rivera','camilo prueba rivera','Inducción','1010-10-10','10:10:00','Zoom','1010','Empresa esta en negativo por nuevas inscripciones','','SI','2026-04-16 22:16:15',12,NULL,NULL,'enviado',NULL,0,NULL,NULL,'pendiente',0),(70,'REU-2026-0070',6,'crivera@proforma.cl','camilo_rivera','camilo prueba rivera','Inducción','0101-01-11','10:10:00','Presencial','ninguno','Empresa esta en negativo por nuevas inscripciones','','NO','2026-04-16 22:19:40',114,NULL,NULL,'enviado',NULL,0,NULL,NULL,'pendiente',0),(71,'REU-2026-0071',6,'crivera@proforma.cl','camilo_rivera','camilo prueba rivera','Resolver dudas','1010-10-10','10:10:00','Microsoft Teams','ninguno','Empresa esta en negativo por nuevas inscripciones','asasd asdasd asd assa ','SI','2026-04-16 22:24:20',115,NULL,NULL,'enviado',NULL,0,NULL,NULL,'pendiente',0),(72,'REU-2026-0072',6,'crivera@proforma.cl','carolina_osorio','asdsadas','Inducción','0101-10-10','10:10:00','Zoom','asd','Empresa esta en negativo por nuevas inscripciones','asd\nasd\nasd\nasd\nasd\nas','NO','2026-04-16 22:25:50',113,NULL,NULL,'enviado',NULL,0,NULL,NULL,'pendiente',0),(73,'REU-2026-0073',6,'crivera@proforma.cl','carolina_osorio','camilo prueba rivera','Resolver dudas','1010-10-10','10:10:00','Microsoft Teams','10101','Empresa esta en negativo por nuevas inscripciones','### asdsadas\n* asdsadsad\n* asdasdsadsa\n* asdasdsad\n#### asdasdasdas','SI','2026-04-16 22:27:30',113,NULL,NULL,'enviado',NULL,0,NULL,NULL,'pendiente',0),(74,'REU-2026-0074',5,'crivera@proforma.cl','camilo_rivera','camilo prueba rivera','Implementación TI','1010-10-10','10:10:00','Presencial','','Empresa esta en negativo por nuevas inscripciones',NULL,'NO','2026-04-16 22:58:41',12,NULL,NULL,'enviado',NULL,0,NULL,NULL,'pendiente',0),(75,'REU-2026-0075',8,'crivera@proforma.cl, camilorivera.bravo@gmail.com','carolina_osorio','camilo prueba rivera','Inducción','2026-04-17','10:10:00','Microsoft Teams','','Empresa esta en negativo por nuevas inscripciones',NULL,'NO','2026-04-17 17:40:21',250,NULL,NULL,'enviado',NULL,0,NULL,NULL,'pendiente',0),(76,'REU-2026-0076',6,'crivera@proforma.cl','camila_meneses','camilo prueba rivera','Inducción','1010-10-10','10:10:00','Microsoft Teams','','Empresa esta en negativo por nuevas inscripciones','asdsadasdas\r\nasdas\r\ndas\r\nd\r\n1\r\n23\r\n123\r\n','SI','2026-04-17 18:52:36',102,NULL,NULL,'enviado',NULL,0,NULL,NULL,'pendiente',0),(77,'REU-2026-0077',6,'crivera@proforma.cl','lyan_becerra','camilo prueba rivera','Inducción','1010-10-10','10:10:00','Microsoft Teams','','','## titulo\r\n---\r\nasdasd\r\n---\r\nasdasd\r\n----\r\n\r\n---','SI','2026-04-17 18:54:42',102,NULL,NULL,'enviado',NULL,0,NULL,NULL,'pendiente',0),(78,'REU-2026-0078',7,'crivera@proforma.cl','tomas_parada','camilo prueba rivera','Implementación TI','1010-10-10','10:10:00','Google Meet','','Empresa esta en negativo por nuevas inscripciones','# Reunión Cliente Participantes:\r\n - Juan \r\n- María \r\n\r\n--- \r\n\r\n## Acuerdos \r\n- Se implementará sistema \r\n- Próxima reunión el lunes \r\n\r\n--- \r\n## Observaciones \r\nSin observaciones','NO','2026-04-17 19:07:52',186,NULL,NULL,'enviado',NULL,0,NULL,NULL,'pendiente',0),(79,'REU-2026-0079',5,'crivera@proforma.cl','lyan_becerra','camilo prueba rivera','Implementación TI','1010-10-10','10:10:00','Microsoft Teams','','Empresa esta en negativo por nuevas inscripciones','### Mejor este es el titulo\r\n**asdas** asdsadsad\r\nsadas\r\n1. asdasdasd\r\n1. adasdsad','NO','2026-04-17 19:10:36',2,NULL,NULL,'enviado',NULL,0,NULL,NULL,'pendiente',0),(80,'REU-2026-0080',7,'crivera@proforma.cl','tomas_parada','camilo prueba rivera','Inducción','1010-10-10','10:10:00','Microsoft Teams','','Empresa esta en negativo por nuevas inscripciones','asdsadasa\r\nasd\r\nsad\r\nsa\r\nas\r\nd12\r\n\r\n1231\r\n23\r\n--\r\n\r\n---\r\n','SI','2026-04-17 19:17:58',185,NULL,NULL,'enviado',NULL,0,NULL,NULL,'pendiente',0),(81,'REU-2026-0081',7,'crivera@proforma.cl','lyan_becerra','camilo prueba rivera','Implementación TI','1010-10-10','10:10:00','','','Empresa esta en negativo por nuevas inscripciones','### aasdasd\r\n###### asdasdasd\r\nasdas','SI','2026-04-17 19:25:29',184,NULL,NULL,'enviado',NULL,0,NULL,NULL,'pendiente',0),(82,'REU-2026-0082',7,'crivera@proforma.cl','tomas_parada','camilo prueba rivera','Inducción','1010-10-10','10:10:00','Microsoft Teams','','Empresa esta en negativo por nuevas inscripciones','sdasasdas\r\nasd\r\nasd\r\nasd\r\nasd','NO','2026-04-17 19:29:43',187,NULL,NULL,'enviado',NULL,0,NULL,NULL,'pendiente',0),(83,'REU-2026-0083',7,'crivera@proforma.cl','tomas_parada','camilo prueba rivera','Inducción','1010-10-10','10:10:00','Microsoft Teams','','Empresa esta en negativo por nuevas inscripciones','asdas\r\nasdsa\r\ndas\r\ndsa\r\n\r\n123\r\n12\r\n','SI','2026-04-17 19:57:53',185,NULL,NULL,'enviado',NULL,0,NULL,NULL,'pendiente',0),(84,'REU-2026-0084',6,'crivera@proforma.cl','lyan_becerra','camilo prueba rivera','Implementación TI','0110-01-11','10:10:00','Google Meet','','Empresa esta en negativo por nuevas inscripciones','asdadasdasd','SI','2026-04-17 19:58:50',101,NULL,NULL,'enviado',NULL,0,NULL,NULL,'pendiente',0),(85,'REU-2026-0085',6,'crivera@proforma.cl','tomas_parada','camilo prueba rivera','Inducción','1010-10-10','10:10:00','Microsoft Teams','','Empresa esta en negativo por nuevas inscripciones',' asdsadd\r\nasd\r\nasd\r\nas\r\nd\r\nsa','NO','2026-04-17 20:11:46',101,NULL,NULL,'enviado',NULL,0,NULL,NULL,'pendiente',0),(86,'REU-2026-0086',7,'crivera@proforma.cl','lyan_becerra','camilo prueba rivera','Inducción','1010-10-10','10:10:00','Microsoft Teams','','Empresa esta en negativo por nuevas inscripciones','asd\r\nasd\r\nasd\r\nasd\r\nasd\r\na','','2026-04-17 21:22:04',184,NULL,NULL,'enviado',NULL,0,NULL,NULL,'pendiente',0),(87,'REU-2026-0087',5,'crivera@proforma.cl','lyan_becerra','camilo prueba rivera','Inducción','1010-10-10','10:10:00','Microsoft Teams','','Empresa esta en negativo por nuevas inscripciones','asdasdasd\r\nasd\r\nas\r\ndas\r\ndas','NO','2026-04-17 21:30:45',2,NULL,NULL,'enviado',NULL,0,NULL,NULL,'pendiente',0),(88,'REU-2026-0088',6,'crivera@proforma.cl','tomas_parada','camilo prueba rivera','Implementación TI','1001-10-10','10:10:00','Microsoft Teams','','Empresa esta en negativo por nuevas inscripciones','sasdas','','2026-04-17 21:42:44',101,NULL,NULL,'enviado',NULL,0,NULL,NULL,'pendiente',0),(89,'REU-2026-0089',7,'crivera@proforma.cl','lyan_becerra','camilo prueba rivera','Inducción','1010-10-10','10:10:00','Microsoft Teams','','Empresa esta en negativo por nuevas inscripciones','asdasdsa','','2026-04-17 21:53:20',185,NULL,NULL,'enviado',NULL,0,NULL,NULL,'pendiente',0),(90,'REU-2026-0090',7,'crivera@proforma.cl, camilorivera.bravo@gmail.com','lyan_becerra','camilo prueba rivera','Inducción','1010-10-10','10:10:00','Microsoft Teams','','Empresa esta en negativo por nuevas inscripciones','adasdas','','2026-04-17 21:56:11',186,NULL,NULL,'enviado',NULL,0,NULL,NULL,'pendiente',0),(91,'REU-2026-0091',7,'crivera@proforma.cl','lyan_becerra','camilo prueba rivera','Implementación TI','1010-10-10','10:10:00','Google Meet','','Empresa esta en negativo por nuevas inscripciones','asdasdasd','','2026-04-17 21:58:08',187,NULL,NULL,'enviado',NULL,0,NULL,NULL,'pendiente',0),(92,'REU-2026-0092',5,'crivera@proforma.cl','tomas_parada','camilo prueba rivera','asdsada','0100-10-10','10:10:00','sadsadasda','','Empresa esta en negativo por nuevas inscripciones','asdada','','2026-04-17 22:06:10',2,NULL,NULL,'enviado',NULL,0,NULL,NULL,'pendiente',0),(93,'REU-2026-0093',7,'crivera@proforma.cl, camilorivera.bravo@gmail.com','camilo_rivera','camilo prueba rivera','','1010-10-10','10:10:00','Microsoft Teams','','Empresa esta en negativo por nuevas inscripciones','asdasdsad','SI','2026-04-17 22:08:08',185,NULL,NULL,'enviado',NULL,0,NULL,NULL,'pendiente',0),(94,'REU-2026-0094',6,'crivera@proforma.cl','tomas_parada','camilo prueba rivera','Inducción','0101-10-10','10:10:00','Google Meet','ASDSADSAD','Empresa esta en negativo por nuevas inscripciones','asdasdsa','','2026-04-17 22:20:20',103,NULL,NULL,'enviado',NULL,0,NULL,NULL,'pendiente',0),(95,'REU-2026-0095',5,'crivera@proforma.cl','tomas_parada','camilo prueba rivera','Inducción','1010-10-10','10:10:00','Google Meet','asdasdasdsadad','Empresa esta en negativo por nuevas inscripciones','asdasdasd','SI','2026-04-17 22:23:13',2,NULL,NULL,'enviado',NULL,0,NULL,NULL,'pendiente',0),(96,'REU-2026-0096',7,'crivera@proforma.cl','camila_meneses','camilo prueba rivera','Inducción','1010-10-10','10:10:00','Microsoft Teams','ninguno','Empresa esta en negativo por nuevas inscripciones','asadasdasdas','SI','2026-04-17 22:25:02',186,NULL,NULL,'enviado',NULL,0,NULL,NULL,'pendiente',0),(97,'REU-2026-0097',7,'crivera@proforma.cl','camila_meneses','camilo prueba rivera','Inducción','1010-10-10','10:10:00','Microsoft Teams','ninguno','Empresa esta en negativo por nuevas inscripciones','asadasdasdas','SI','2026-04-17 22:25:02',186,NULL,NULL,'enviado',NULL,0,NULL,NULL,'pendiente',0),(98,'REU-2026-0098',5,'crivera@proforma.cl','tomas_parada','camilo prueba rivera','asdas','1010-10-10','10:10:00','Google Meet','ninguno','','sdasdsadasd','SI','2026-04-17 22:27:39',1,NULL,NULL,'enviado',NULL,0,NULL,NULL,'pendiente',0),(99,'REU-2026-0099',6,'crivera@proforma.cl','monica_sanchez','camilo prueba rivera','Inducción','0110-10-10','10:10:00','Microsoft Teams','asdasdasdasdasdasd','asdsadasda','asdasdasasd','SI','2026-04-17 22:29:09',105,NULL,NULL,'enviado',NULL,0,NULL,NULL,'pendiente',0),(100,'REU-2026-0100',7,'crivera@proforma.cl','lyan_becerra','camilo prueba rivera','Implementación TI','1010-10-10','10:10:00','Microsoft Teams','ninguno','Empresa esta en negativo por nuevas inscripciones','sadasd','SI','2026-04-17 22:32:41',187,NULL,NULL,'enviado',NULL,0,NULL,NULL,'pendiente',0),(101,'REU-2026-0101',7,'crivera@proforma.cl','tomas_parada','camilo prueba rivera','Inducción','1010-10-10','10:10:00','Microsoft Teams','Seguimiento DJ 2025','Empresa esta en negativo por nuevas inscripciones','### titulo\r\n*asd*\r\nasdas\r\nsadfs\r\n\r\n','NO','2026-04-17 22:43:31',194,NULL,NULL,'enviado',NULL,0,NULL,NULL,'pendiente',0),(102,'REU-2026-0102',6,'crivera@proforma.cl','carolina_osorio','camilo prueba rivera','','1010-10-10','10:10:00','','10','Empresa esta en negativo por nuevas inscripciones','### titulo\r\n- sub \r\n- asdas\r\n- asdasd\r\n\r\n---','NO','2026-04-20 18:17:34',111,NULL,NULL,'enviado',NULL,0,NULL,NULL,'pendiente',0),(103,'REU-2026-0103',6,'crivera@proforma.cl','tomas_parada','camilo prueba rivera','','1010-10-10','10:10:00','','','Empresa esta en negativo por nuevas inscripciones','asdsada','SI','2026-04-20 18:34:07',114,NULL,NULL,'enviado',NULL,0,NULL,NULL,'pendiente',0),(104,'REU-2026-0104',6,'crivera@proforma.cl','camila_meneses','camilo prueba rivera','','1010-10-10','10:10:00','','ninguno','Empresa esta en negativo por nuevas inscripciones','## Markdown\r\n- lista\r\n- lista \r\n\r\n----\r\n\r\nasdsaa\r\n\r\n---','SI','2026-04-20 22:38:59',182,NULL,NULL,'enviado',NULL,0,NULL,NULL,'pendiente',0),(105,'REU-2026-0105',6,'crivera@proforma.cl','camila_meneses','camilo prueba rivera','','1010-10-10','10:10:00','','ninguno','Empresa esta en negativo por nuevas inscripciones','asd','SI','2026-04-20 22:47:13',101,NULL,NULL,'enviado',NULL,0,NULL,NULL,'pendiente',0),(106,'REU-2026-0106',6,'crivera@proforma.cl','camila_meneses','Camilo Rivera, Pedro Palote, Juan Gutierrez.','Inducción','2026-04-22','10:00:00','Microsoft Teams','','Empresa solicita induccion para personal nuevo','\r\n#### Franquicia Tributaria y las oportunidades que nos ofrece.\r\n- Certificación del gasto.\r\n- Cuentas de Capacitación.\r\n- Cálculo cobertura cursos.\r\n- Cálculo de tramo Sence.\r\n- Categorías de capacitación: Contrato, Pre y Post-contrato\r\n- Cuenta de reparto.\r\n- Modalidades y sus valores horas.\r\n- Plazos Sence.\r\n- Modalidades: Presencial, E-learning y A Distancia.\r\n- Beneficio Mi Pyme.\r\n- Viático y Traslado para actividades presenciales.\r\n- Evaluación y certificación de competencias laborales (EyCCL).\r\n- Comité Bipartito.\r\n- Estudio DNC (Detección de necesidades de Capacitación).\r\n- Programa de Nivelación de estudios de educación Básica y Media.\r\n- Módulos de formación Técnica conducentes a carreras técnicas profesionales (CFT).\r\n\r\n---\r\n\r\n#### Otros puntos tratados\r\n\r\n1. Punto 1\r\n1. Punto 2\r\n\r\n---\r\n\r\n#### Acuerdos\r\n\r\n| Nombre | Edad | Cargo |\r\n|--------|------|--------|\r\n| Juan   | 30   | Dev    |\r\n| Ana    | 25   | QA     |\r\n','','2026-04-22 14:39:11',141,NULL,NULL,'enviado',NULL,0,NULL,NULL,'pendiente',0),(107,'REU-2026-0107',5,'crivera@proforma.cl','camila_meneses','Camilo Rivera, Lyan Becerra, Beatriz Silva, Cecilia Carvajal, Luis Rodriguez','Inducción','2026-04-27','10:10:00','Microsoft Teams','Certificado asistencia','Ágoras para personal nuevo','### Aqui va la minuta\r\n\r\n- punto 1 de la minuta\r\n- punto 2 de la minuta\r\n\r\n---\r\n\r\n### Otro punto de la minuta:\r\n- asdkjas\r\n- asdasdas\r\n\r\n\r\nasd\r\nasd\r\nasd\r\nasd','NO','2026-04-27 18:34:49',1,NULL,NULL,'enviado',NULL,0,NULL,NULL,'pendiente',0),(108,'REU-2026-0108',5,'crivera@proforma.cl','lyan_becerra','Camilo Rivera','Implementación TI','2026-04-28','10:00:00','Microsoft Teams','OC','asdsad','asdasdsa','NO','2026-04-28 22:43:28',5,NULL,NULL,'enviado',NULL,0,NULL,NULL,'pendiente',0),(109,'REU-2026-0109',5,'crivera@proforma.cl','camila_meneses','asdasd','Inducción','1010-10-10','10:10:00','Presencial','asdsa','asd','asdasd','NO','2026-05-04 02:55:37',8,NULL,NULL,'enviado',NULL,0,NULL,NULL,'pendiente',0),(110,'REU-2026-0110',5,'crivera@proforma.cl','beatriz_silva','asdas','Inducción','1010-10-10','10:10:00','Presencial','dasd','ased','ADASDASD','NO','2026-05-04 02:56:21',9,NULL,NULL,'enviado',NULL,0,NULL,NULL,'pendiente',0),(111,'REU-2026-0111',5,'asd','carolina_osorio','crivera@proforma.cl','Inducción','1010-10-10','10:10:00','Google Meet','asdsada','motivo','asdasd','SI','2026-05-04 03:00:10',9,NULL,NULL,'enviado',NULL,0,NULL,NULL,'pendiente',0),(112,'REU-2026-0112',5,'crivera@proforma.cl','camila_meneses','adasd','Implementación TI','1010-10-10','10:10:00','Google Meet','asd','adasd','asdsad','NO','2026-05-04 03:04:31',6,NULL,NULL,'enviado',NULL,0,NULL,NULL,'pendiente',0),(113,'REU-2026-0113',6,'crivera@proforma.cl','beatriz_silva','asdasda','Inducción','0100-10-10','10:10:00','Microsoft Teams','asdasd','asdasd','asdasd','SI','2026-05-04 03:08:18',148,NULL,NULL,'enviado',NULL,0,NULL,NULL,'pendiente',0),(114,'REU-2026-0114',5,'crivera@proforma.cl','camila_meneses','asda','Inducción','1010-10-10','10:10:00','Presencial','asdsad','asdsad','> esto una cita importante\r\nasdaasdasd\r\nasdasd\r\nasdasd\r\nasdasd\r\n--- \r\n\r\n---\r\n\'\'\' asds\r\n\r\n```\r\nasdasdasdas\r\n```\r\nasdasd','NO','2026-05-04 03:13:41',5,NULL,NULL,'enviado',NULL,0,NULL,NULL,'pendiente',0),(115,'REU-2026-0115',6,'crivera@proforma.cl','camila_meneses','asdasdsad','Inducción','1010-10-10','10:10:00','Google Meet','asd','asdasd','> tengo\r\n>\r\nasdsd\r\nasda\r\nsd\r\n\r\n``Aqui va el texto\r\n``\r\n\r\n---\r\n\r\n```sdsad```','NO','2026-05-04 03:23:33',142,NULL,NULL,'enviado',NULL,0,NULL,NULL,'pendiente',0),(116,'REU-2026-0116',5,'crivera@proforma.cl','luisa_bravo','asdasd','Inducción','1010-10-10','10:10:00','Zoom','','adas','<h4>Inducción&nbsp;Ágoras</h4><ol><li>Bienvenida:&nbsp;Home&nbsp;de&nbsp;plataforma,&nbsp;en&nbsp;el&nbsp;cual&nbsp;se&nbsp;puede&nbsp;visualizar&nbsp;resumen&nbsp;de&nbsp;indicadores&nbsp;saldos&nbsp;de&nbsp;aportes&nbsp;y&nbsp;excedentes,&nbsp;horas,&nbsp;inversión&nbsp;y&nbsp;participantes,&nbsp;comparativo&nbsp;por&nbsp;años,&nbsp;detalle&nbsp;por&nbsp;meses&nbsp;y&nbsp;año.</li><li>Cursos:&nbsp;Detalle&nbsp;de&nbsp;cursos&nbsp;empresa,&nbsp;contrato,&nbsp;precontrato,&nbsp;postcontato;&nbsp;inscripción&nbsp;de&nbsp;cursos,&nbsp;creación&nbsp;de&nbsp;códigos&nbsp;de&nbsp;cursos&nbsp;empresa.&nbsp;Dentro&nbsp;de&nbsp;la&nbsp;búsqueda&nbsp;esta&nbsp;puede&nbsp;ser&nbsp;tanto&nbsp;masiva,&nbsp;como&nbsp;por&nbsp;criterio&nbsp;y&nbsp;otros&nbsp;filtros.</li><li>Convocatoria:&nbsp;Recordatorio&nbsp;de&nbsp;los&nbsp;participantes&nbsp;por&nbsp;la&nbsp;actividad&nbsp;por&nbsp;comenzar,&nbsp;en&nbsp;la&nbsp;cual&nbsp;están&nbsp;inscritos.&nbsp;Para&nbsp;esto&nbsp;se&nbsp;requiere&nbsp;el&nbsp;correo&nbsp;de&nbsp;los&nbsp;colaboradores.&nbsp;Dicha&nbsp;alternativa&nbsp;es&nbsp;personalizada,&nbsp;por&nbsp;lo&nbsp;cual&nbsp;pueden&nbsp;enviar&nbsp;su&nbsp;color&nbsp;branding,&nbsp;logo&nbsp;o&nbsp;imagen&nbsp;institucional.</li><li>Evaluación:&nbsp;Instrumentos&nbsp;de&nbsp;evaluación:&nbsp;(Reacción,&nbsp;Aprendizaje&nbsp;y&nbsp;Comportamiento).&nbsp;Para&nbsp;esto&nbsp;se&nbsp;requiere&nbsp;contar&nbsp;con&nbsp;los&nbsp;correos&nbsp;de&nbsp;los&nbsp;participantes.</li><li>Pagos:&nbsp;Detalle&nbsp;de&nbsp;pago&nbsp;por&nbsp;actividades&nbsp;costo&nbsp;OTIC,&nbsp;informando&nbsp;proveedor,&nbsp;fecha&nbsp;de&nbsp;recepción&nbsp;de&nbsp;documento,&nbsp;ingreso&nbsp;y&nbsp;pago.</li><li>Informes:&nbsp;Pestaña&nbsp;en&nbsp;la&nbsp;cual&nbsp;se&nbsp;encuentran&nbsp;agrupado&nbsp;la&nbsp;alternativa&nbsp;de&nbsp;los&nbsp;diferentes&nbsp;informes&nbsp;a&nbsp;solicitar,&nbsp;como&nbsp;cartola,&nbsp;detalle&nbsp;de&nbsp;cursos,&nbsp;participantes,&nbsp;informes&nbsp;de&nbsp;encuesta,&nbsp;etc.</li><li>KPI:&nbsp;Informe&nbsp;de&nbsp;indicadores&nbsp;de&nbsp;capacitación&nbsp;según&nbsp;información&nbsp;alojada,&nbsp;la&nbsp;cual&nbsp;permite&nbsp;descarga&nbsp;de&nbsp;informes&nbsp;ejecutivo,&nbsp;por&nbsp;periodo&nbsp;acumulado&nbsp;comparado&nbsp;con&nbsp;el&nbsp;año&nbsp;anterior.&nbsp;En&nbsp;esta&nbsp;se&nbsp;encuentran&nbsp;detalle&nbsp;de&nbsp;horas,&nbsp;participantes&nbsp;y&nbsp;personas.</li><li>KPIG:&nbsp;Pestaña&nbsp;con&nbsp;información&nbsp;más&nbsp;detallada&nbsp;de&nbsp;proveedores,&nbsp;cursos&nbsp;y&nbsp;personas.&nbsp;Permite&nbsp;ejecutar&nbsp;filtros&nbsp;mas&nbsp;avanzados&nbsp;de&nbsp;indicadores&nbsp;de&nbsp;gestión.</li></ol>','SI','2026-05-04 03:49:30',7,NULL,NULL,'enviado',NULL,0,NULL,NULL,'pendiente',0),(117,'REU-2026-0117',6,'crivera@proforma.cl','camilo_rivera','adasd','Inducción','0110-10-10','10:10:00','Zoom','','asdas','<h4>Inducción&nbsp;Ágoras</h4><ol><li>Bienvenida:&nbsp;Home&nbsp;de&nbsp;plataforma,&nbsp;en&nbsp;el&nbsp;cual&nbsp;se&nbsp;puede&nbsp;visualizar&nbsp;resumen&nbsp;de&nbsp;indicadores&nbsp;saldos&nbsp;de&nbsp;aportes&nbsp;y&nbsp;excedentes,&nbsp;horas,&nbsp;inversión&nbsp;y&nbsp;participantes,&nbsp;comparativo&nbsp;por&nbsp;años,&nbsp;detalle&nbsp;por&nbsp;meses&nbsp;y&nbsp;año.</li><li>Cursos:&nbsp;Detalle&nbsp;de&nbsp;cursos&nbsp;empresa,&nbsp;contrato,&nbsp;precontrato,&nbsp;postcontato;&nbsp;inscripción&nbsp;de&nbsp;cursos,&nbsp;creación&nbsp;de&nbsp;códigos&nbsp;de&nbsp;cursos&nbsp;empresa.&nbsp;Dentro&nbsp;de&nbsp;la&nbsp;búsqueda&nbsp;esta&nbsp;puede&nbsp;ser&nbsp;tanto&nbsp;masiva,&nbsp;como&nbsp;por&nbsp;criterio&nbsp;y&nbsp;otros&nbsp;filtros.</li><li>Convocatoria:&nbsp;Recordatorio&nbsp;de&nbsp;los&nbsp;participantes&nbsp;por&nbsp;la&nbsp;actividad&nbsp;por&nbsp;comenzar,&nbsp;en&nbsp;la&nbsp;cual&nbsp;están&nbsp;inscritos.&nbsp;Para&nbsp;esto&nbsp;se&nbsp;requiere&nbsp;el&nbsp;correo&nbsp;de&nbsp;los&nbsp;colaboradores.&nbsp;Dicha&nbsp;alternativa&nbsp;es&nbsp;personalizada,&nbsp;por&nbsp;lo&nbsp;cual&nbsp;pueden&nbsp;enviar&nbsp;su&nbsp;color&nbsp;branding,&nbsp;logo&nbsp;o&nbsp;imagen&nbsp;institucional.</li><li>Evaluación:&nbsp;Instrumentos&nbsp;de&nbsp;evaluación:&nbsp;(Reacción,&nbsp;Aprendizaje&nbsp;y&nbsp;Comportamiento).&nbsp;Para&nbsp;esto&nbsp;se&nbsp;requiere&nbsp;contar&nbsp;con&nbsp;los&nbsp;correos&nbsp;de&nbsp;los&nbsp;participantes.</li><li>Pagos:&nbsp;Detalle&nbsp;de&nbsp;pago&nbsp;por&nbsp;actividades&nbsp;costo&nbsp;OTIC,&nbsp;informando&nbsp;proveedor,&nbsp;fecha&nbsp;de&nbsp;recepción&nbsp;de&nbsp;documento,&nbsp;ingreso&nbsp;y&nbsp;pago.</li><li>Informes:&nbsp;Pestaña&nbsp;en&nbsp;la&nbsp;cual&nbsp;se&nbsp;encuentran&nbsp;agrupado&nbsp;la&nbsp;alternativa&nbsp;de&nbsp;los&nbsp;diferentes&nbsp;informes&nbsp;a&nbsp;solicitar,&nbsp;como&nbsp;cartola,&nbsp;detalle&nbsp;de&nbsp;cursos,&nbsp;participantes,&nbsp;informes&nbsp;de&nbsp;encuesta,&nbsp;etc.</li><li>KPI:&nbsp;Informe&nbsp;de&nbsp;indicadores&nbsp;de&nbsp;capacitación&nbsp;según&nbsp;información&nbsp;alojada,&nbsp;la&nbsp;cual&nbsp;permite&nbsp;descarga&nbsp;de&nbsp;informes&nbsp;ejecutivo,&nbsp;por&nbsp;periodo&nbsp;acumulado&nbsp;comparado&nbsp;con&nbsp;el&nbsp;año&nbsp;anterior.&nbsp;En&nbsp;esta&nbsp;se&nbsp;encuentran&nbsp;detalle&nbsp;de&nbsp;horas,&nbsp;participantes&nbsp;y&nbsp;personas.</li><li>KPIG:&nbsp;Pestaña&nbsp;con&nbsp;información&nbsp;más&nbsp;detallada&nbsp;de&nbsp;proveedores,&nbsp;cursos&nbsp;y&nbsp;personas.&nbsp;Permite&nbsp;ejecutar&nbsp;filtros&nbsp;mas&nbsp;avanzados&nbsp;de&nbsp;indicadores&nbsp;de&nbsp;gestión.</li></ol>','SI','2026-05-04 03:51:59',135,NULL,NULL,'enviado',NULL,0,NULL,NULL,'pendiente',0),(118,'REU-2026-0118',5,'crivera@proforma.cl','camila_meneses','camilo rivera','Inducción','1001-10-10','10:10:00','Microsoft Teams','OC','motivo','#### Franquicia Tributaria \r\n \r\n* Franquicia Tributaria y las oportunidades que nos ofrece.\r\n* Certificación del gasto.\r\n* Cuentas de Capacitación.\r\n* Cálculo cobertura cursos.\r\n* Cálculo de tramo Sence.\r\n* Categorías de capacitación: Contrato, Pre y Post-contrato\r\n* Cuenta de reparto.\r\n* Modalidades y sus valores horas.\r\n* Plazos Sence.\r\n* Modalidades: Presencial, E-learning y A Distancia.\r\n* Beneficio Mi Pyme.\r\n* Viático y Traslado para actividades presenciales.','NO','2026-05-04 14:50:58',9,NULL,NULL,'enviado',NULL,0,NULL,NULL,'pendiente',0),(119,'REU-2026-0119',5,'crivera@proforma.cl','camila_meneses','yo','Inducción','1010-10-10','10:10:00','Microsoft Teams','','motivo','#### Inducción Ágoras\r\n\r\n1. Bienvenida: Home de plataforma, en el cual se puede visualizar resumen de indicadores saldos de aportes y excedentes, horas, inversión y participantes, comparativo por años, detalle por meses y año.\r\n\r\n2. Cursos: Detalle de cursos empresa, contrato, precontrato, postcontato; inscripción de cursos, creación de códigos de cursos empresa. Dentro de la búsqueda esta puede ser tanto masiva, como por criterio y otros filtros.\r\n\r\n3. Convocatoria: Recordatorio de los participantes por la actividad por comenzar, en la cual están inscritos. Para esto se requiere el correo de los colaboradores. Dicha alternativa es personalizada, por lo cual pueden enviar su color branding, logo o imagen institucional.\r\n\r\n4. Evaluación: Instrumentos de evaluación: (Reacción, Aprendizaje y Comportamiento). Para esto se requiere contar con los correos de los participantes.\r\n\r\n5. Pagos: Detalle de pago por actividades costo OTIC, informando proveedor, fecha de recepción de documento, ingreso y pago.\r\n\r\n6. Informes: Pestaña en la cual se encuentran agrupado la alternativa de los diferentes informes a solicitar, como cartola, detalle de cursos, participantes, informes de encuesta, etc.  \r\n\r\n7. KPI: Informe de indicadores de capacitación según información alojada, la cual permite descarga de informes ejecutivo, por periodo acumulado comparado con el año anterior. En esta se encuentran detalle de horas, participantes y personas.\r\n\r\n8. KPIG: Pestaña con información más detallada de proveedores, cursos y personas. Permite ejecutar filtros mas avanzados de indicadores de gestión.','','2026-05-04 21:06:18',73,NULL,NULL,'enviado',NULL,0,NULL,NULL,'pendiente',0),(120,'REU-2026-0120',5,'crivera@proforma.cl','beatriz_silva','asd','Inducción','1010-10-10','10:10:00','Google Meet','','asd','#### Inducción Ágoras\r\n\r\n1. Bienvenida: Home de plataforma, en el cual se puede visualizar resumen de indicadores saldos de aportes y excedentes, horas, inversión y participantes, comparativo por años, detalle por meses y año.\r\n\r\n2. Cursos: Detalle de cursos empresa, contrato, precontrato, postcontato; inscripción de cursos, creación de códigos de cursos empresa. Dentro de la búsqueda esta puede ser tanto masiva, como por criterio y otros filtros.\r\n\r\n3. Convocatoria: Recordatorio de los participantes por la actividad por comenzar, en la cual están inscritos. Para esto se requiere el correo de los colaboradores. Dicha alternativa es personalizada, por lo cual pueden enviar su color branding, logo o imagen institucional.\r\n\r\n4. Evaluación: Instrumentos de evaluación: (Reacción, Aprendizaje y Comportamiento). Para esto se requiere contar con los correos de los participantes.\r\n\r\n5. Pagos: Detalle de pago por actividades costo OTIC, informando proveedor, fecha de recepción de documento, ingreso y pago.\r\n\r\n6. Informes: Pestaña en la cual se encuentran agrupado la alternativa de los diferentes informes a solicitar, como cartola, detalle de cursos, participantes, informes de encuesta, etc.  \r\n\r\n7. KPI: Informe de indicadores de capacitación según información alojada, la cual permite descarga de informes ejecutivo, por periodo acumulado comparado con el año anterior. En esta se encuentran detalle de horas, participantes y personas.\r\n\r\n8. KPIG: Pestaña con información más detallada de proveedores, cursos y personas. Permite ejecutar filtros mas avanzados de indicadores de gestión.','','2026-05-04 21:13:10',48,NULL,NULL,'enviado',NULL,0,NULL,NULL,'pendiente',0),(121,'REU-2026-0121',5,'crivera@proforma.cl, camilorivera.bravo@gmail.com','lyan_becerra','Camilo Rivera, Lili Ortega','Inducción','2026-10-10','10:10:00','Microsoft Teams','calculo lms','Personal nuevo.','#### Inducción Ágoras\r\n\r\n1. Bienvenida: Home de plataforma, en el cual se puede visualizar resumen de indicadores saldos de aportes y excedentes, horas, inversión y participantes, comparativo por años, detalle por meses y año.\r\n\r\n2. Cursos: Detalle de cursos empresa, contrato, precontrato, postcontato; inscripción de cursos, creación de códigos de cursos empresa. Dentro de la búsqueda esta puede ser tanto masiva, como por criterio y otros filtros.\r\n\r\n3. Convocatoria: Recordatorio de los participantes por la actividad por comenzar, en la cual están inscritos. Para esto se requiere el correo de los colaboradores. Dicha alternativa es personalizada, por lo cual pueden enviar su color branding, logo o imagen institucional.\r\n\r\n4. Evaluación: Instrumentos de evaluación: (Reacción, Aprendizaje y Comportamiento). Para esto se requiere contar con los correos de los participantes.\r\n\r\n5. Pagos: Detalle de pago por actividades costo OTIC, informando proveedor, fecha de recepción de documento, ingreso y pago.\r\n\r\n6. Informes: Pestaña en la cual se encuentran agrupado la alternativa de los diferentes informes a solicitar, como cartola, detalle de cursos, participantes, informes de encuesta, etc.  \r\n\r\n7. KPI: Informe de indicadores de capacitación según información alojada, la cual permite descarga de informes ejecutivo, por periodo acumulado comparado con el año anterior. En esta se encuentran detalle de horas, participantes y personas.\r\n\r\n8. KPIG: Pestaña con información más detallada de proveedores, cursos y personas. Permite ejecutar filtros mas avanzados de indicadores de gestión.','','2026-05-08 20:57:04',58,NULL,NULL,'enviado',NULL,0,NULL,NULL,'pendiente',0),(122,'REU-2026-0122',9,'camilorivera.bravo@gmail.com','camilo rivera','Camilo Rivera','Inducción','2026-05-11','10:00:00','Microsoft Teams','OC final','Ágoras para personal nuevo','#### Inducción Ágoras\r\n\r\n1. Bienvenida: Home de plataforma, en el cual se puede visualizar resumen de indicadores saldos de aportes y excedentes, horas, inversión y participantes, comparativo por años, detalle por meses y año.\r\n\r\n2. Cursos: Detalle de cursos empresa, contrato, precontrato, postcontato; inscripción de cursos, creación de códigos de cursos empresa. Dentro de la búsqueda esta puede ser tanto masiva, como por criterio y otros filtros.\r\n\r\n3. Convocatoria: Recordatorio de los participantes por la actividad por comenzar, en la cual están inscritos. Para esto se requiere el correo de los colaboradores. Dicha alternativa es personalizada, por lo cual pueden enviar su color branding, logo o imagen institucional.\r\n\r\n4. Evaluación: Instrumentos de evaluación: (Reacción, Aprendizaje y Comportamiento). Para esto se requiere contar con los correos de los participantes.\r\n\r\n5. Pagos: Detalle de pago por actividades costo OTIC, informando proveedor, fecha de recepción de documento, ingreso y pago.\r\n\r\n6. Informes: Pestaña en la cual se encuentran agrupado la alternativa de los diferentes informes a solicitar, como cartola, detalle de cursos, participantes, informes de encuesta, etc.  \r\n\r\n7. KPI: Informe de indicadores de capacitación según información alojada, la cual permite descarga de informes ejecutivo, por periodo acumulado comparado con el año anterior. En esta se encuentran detalle de horas, participantes y personas.\r\n\r\n8. KPIG: Pestaña con información más detallada de proveedores, cursos y personas. Permite ejecutar filtros mas avanzados de indicadores de gestión.','','2026-05-11 17:52:10',67,NULL,'2026-05-11 13:53:00','enviado','[\"1778521930107-579280690-1281335.pdf\"]',1,'Franquicia','2026-05-11 13:53:00','enviado',0),(123,'REU-2026-0123',5,'camilorivera.bravo@gmail.com','beatriz silva','casd','Inducción','1010-10-10','10:10:00','Microsoft Teams','','asd','#### Inducción Ágoras\r\n\r\n1. Bienvenida: Home de plataforma, en el cual se puede visualizar resumen de indicadores saldos de aportes y excedentes, horas, inversión y participantes, comparativo por años, detalle por meses y año.\r\n\r\n2. Cursos: Detalle de cursos empresa, contrato, precontrato, postcontato; inscripción de cursos, creación de códigos de cursos empresa. Dentro de la búsqueda esta puede ser tanto masiva, como por criterio y otros filtros.\r\n\r\n3. Convocatoria: Recordatorio de los participantes por la actividad por comenzar, en la cual están inscritos. Para esto se requiere el correo de los colaboradores. Dicha alternativa es personalizada, por lo cual pueden enviar su color branding, logo o imagen institucional.\r\n\r\n4. Evaluación: Instrumentos de evaluación: (Reacción, Aprendizaje y Comportamiento). Para esto se requiere contar con los correos de los participantes.\r\n\r\n5. Pagos: Detalle de pago por actividades costo OTIC, informando proveedor, fecha de recepción de documento, ingreso y pago.\r\n\r\n6. Informes: Pestaña en la cual se encuentran agrupado la alternativa de los diferentes informes a solicitar, como cartola, detalle de cursos, participantes, informes de encuesta, etc.  \r\n\r\n7. KPI: Informe de indicadores de capacitación según información alojada, la cual permite descarga de informes ejecutivo, por periodo acumulado comparado con el año anterior. En esta se encuentran detalle de horas, participantes y personas.\r\n\r\n8. KPIG: Pestaña con información más detallada de proveedores, cursos y personas. Permite ejecutar filtros mas avanzados de indicadores de gestión.','','2026-05-11 18:11:03',50,NULL,'2026-05-11 14:12:00','enviado','[\"1778523063267-530314431-1281335.pdf\"]',1,'Franquicia','2026-05-11 14:12:00','enviado',0),(124,'REU-2026-0124',5,'lbecerra@proforma.cl','Beatriz Silva','asda','Inducción','2026-05-11','10:20:00','Microsoft Teams','OC','agoras','#### Inducción Ágoras\r\n\r\n1. Bienvenida: Home de plataforma, en el cual se puede visualizar resumen de indicadores saldos de aportes y excedentes, horas, inversión y participantes, comparativo por años, detalle por meses y año.\r\n\r\n2. Cursos: Detalle de cursos empresa, contrato, precontrato, postcontato; inscripción de cursos, creación de códigos de cursos empresa. Dentro de la búsqueda esta puede ser tanto masiva, como por criterio y otros filtros.\r\n\r\n3. Convocatoria: Recordatorio de los participantes por la actividad por comenzar, en la cual están inscritos. Para esto se requiere el correo de los colaboradores. Dicha alternativa es personalizada, por lo cual pueden enviar su color branding, logo o imagen institucional.\r\n\r\n4. Evaluación: Instrumentos de evaluación: (Reacción, Aprendizaje y Comportamiento). Para esto se requiere contar con los correos de los participantes.\r\n\r\n5. Pagos: Detalle de pago por actividades costo OTIC, informando proveedor, fecha de recepción de documento, ingreso y pago.\r\n\r\n6. Informes: Pestaña en la cual se encuentran agrupado la alternativa de los diferentes informes a solicitar, como cartola, detalle de cursos, participantes, informes de encuesta, etc.  \r\n\r\n7. KPI: Informe de indicadores de capacitación según información alojada, la cual permite descarga de informes ejecutivo, por periodo acumulado comparado con el año anterior. En esta se encuentran detalle de horas, participantes y personas.\r\n\r\n8. KPIG: Pestaña con información más detallada de proveedores, cursos y personas. Permite ejecutar filtros mas avanzados de indicadores de gestión.','','2026-05-11 21:54:08',3,NULL,NULL,'enviado','[\"1778536448637-661473478-1281335.pdf\"]',0,NULL,NULL,'enviado',0),(125,'REU-2026-0125',9,'crivera@proforma.cl','Camilo Rivera','Camilo Rivera','Inducción','2026-05-11','11:50:00','Microsoft Teams','','Ágoras','#### Inducción Ágoras\r\n\r\n1. Bienvenida: Home de plataforma, en el cual se puede visualizar resumen de indicadores saldos de aportes y excedentes, horas, inversión y participantes, comparativo por años, detalle por meses y año.\r\n\r\n2. Cursos: Detalle de cursos empresa, contrato, precontrato, postcontato; inscripción de cursos, creación de códigos de cursos empresa. Dentro de la búsqueda esta puede ser tanto masiva, como por criterio y otros filtros.\r\n\r\n3. Convocatoria: Recordatorio de los participantes por la actividad por comenzar, en la cual están inscritos. Para esto se requiere el correo de los colaboradores. Dicha alternativa es personalizada, por lo cual pueden enviar su color branding, logo o imagen institucional.\r\n\r\n4. Evaluación: Instrumentos de evaluación: (Reacción, Aprendizaje y Comportamiento). Para esto se requiere contar con los correos de los participantes.\r\n\r\n5. Pagos: Detalle de pago por actividades costo OTIC, informando proveedor, fecha de recepción de documento, ingreso y pago.\r\n\r\n6. Informes: Pestaña en la cual se encuentran agrupado la alternativa de los diferentes informes a solicitar, como cartola, detalle de cursos, participantes, informes de encuesta, etc.  \r\n\r\n7. KPI: Informe de indicadores de capacitación según información alojada, la cual permite descarga de informes ejecutivo, por periodo acumulado comparado con el año anterior. En esta se encuentran detalle de horas, participantes y personas.\r\n\r\n8. KPIG: Pestaña con información más detallada de proveedores, cursos y personas. Permite ejecutar filtros mas avanzados de indicadores de gestión.','','2026-05-11 22:44:28',10,NULL,NULL,'enviado','[\"1778539468246-967021956-1281335.pdf\"]',0,NULL,NULL,'enviado',0),(126,'REU-2026-0126',9,'camilorivera.bravo@gmail.com','Camilo Rivera','camilo','Inducción','2026-05-12','13:40:00','Microsoft Teams','','m','#### Inducción Ágoras\r\n\r\n1. Bienvenida: Home de plataforma, en el cual se puede visualizar resumen de indicadores saldos de aportes y excedentes, horas, inversión y participantes, comparativo por años, detalle por meses y año.\r\n\r\n2. Cursos: Detalle de cursos empresa, contrato, precontrato, postcontato; inscripción de cursos, creación de códigos de cursos empresa. Dentro de la búsqueda esta puede ser tanto masiva, como por criterio y otros filtros.\r\n\r\n3. Convocatoria: Recordatorio de los participantes por la actividad por comenzar, en la cual están inscritos. Para esto se requiere el correo de los colaboradores. Dicha alternativa es personalizada, por lo cual pueden enviar su color branding, logo o imagen institucional.\r\n\r\n4. Evaluación: Instrumentos de evaluación: (Reacción, Aprendizaje y Comportamiento). Para esto se requiere contar con los correos de los participantes.\r\n\r\n5. Pagos: Detalle de pago por actividades costo OTIC, informando proveedor, fecha de recepción de documento, ingreso y pago.\r\n\r\n6. Informes: Pestaña en la cual se encuentran agrupado la alternativa de los diferentes informes a solicitar, como cartola, detalle de cursos, participantes, informes de encuesta, etc.  \r\n\r\n7. KPI: Informe de indicadores de capacitación según información alojada, la cual permite descarga de informes ejecutivo, por periodo acumulado comparado con el año anterior. En esta se encuentran detalle de horas, participantes y personas.\r\n\r\n8. KPIG: Pestaña con información más detallada de proveedores, cursos y personas. Permite ejecutar filtros mas avanzados de indicadores de gestión.','','2026-05-12 22:38:04',2,NULL,NULL,'enviado','[\"1778625484659-437006523-1281335.pdf\"]',0,NULL,NULL,'enviado',0),(127,'REU-2026-0127',6,'crivera@proforma.cl','Carolina Osorio','asd','Inducción','2026-05-13','10:10:00','','','agoras','<table style=\"border: 1px solid #000;\"><tbody><tr><td data-row=\"1\">titulo</td><td data-row=\"1\">titulo2</td><td data-row=\"1\">titulo3</td></tr><tr><td data-row=\"2\">texto1</td><td data-row=\"2\">texto2</td><td data-row=\"2\">texto3</td></tr><tr><td data-row=\"3\">texto11</td><td data-row=\"3\">texto22</td><td data-row=\"3\">texto33</td></tr></tbody></table><h4>Franquicia&nbsp;Tributaria</h4><ul><li>Franquicia&nbsp;Tributaria&nbsp;y&nbsp;las&nbsp;oportunidades&nbsp;que&nbsp;nos&nbsp;ofrece.</li><li>Certificación&nbsp;del&nbsp;gasto.</li><li>Cuentas&nbsp;de&nbsp;Capacitación.</li><li>Cálculo&nbsp;cobertura&nbsp;cursos.</li><li>Cálculo&nbsp;de&nbsp;tramo&nbsp;Sence.</li><li>Categorías&nbsp;de&nbsp;capacitación:&nbsp;Contrato,&nbsp;Pre&nbsp;y&nbsp;Post-contrato</li><li>Cuenta&nbsp;de&nbsp;reparto.</li><li>Modalidades&nbsp;y&nbsp;sus&nbsp;valores&nbsp;horas.</li><li>Plazos&nbsp;Sence.</li><li>Modalidades:&nbsp;Presencial,&nbsp;E-learning&nbsp;y&nbsp;A&nbsp;Distancia.</li><li>Beneficio&nbsp;Mi&nbsp;Pyme.</li><li>Viático&nbsp;y&nbsp;Traslado&nbsp;para&nbsp;actividades&nbsp;presenciales.</li></ul>','','2026-05-13 04:18:22',174,NULL,NULL,'enviado','[]',0,NULL,NULL,'enviado',0),(128,'REU-2026-0128',5,'crivera@proforma.cl','Beatriz Silva','sd','Inducción','1010-10-10','10:10:00','','','asdsada','<table style=\"border: 1px solid #000;\"><tbody><tr><td data-row=\"1\">titulo</td><td data-row=\"1\">titulo2</td><td data-row=\"1\">titulo3</td></tr><tr><td data-row=\"2\">texto1</td><td data-row=\"2\">texto2</td><td data-row=\"2\">texto3</td></tr><tr><td data-row=\"3\">texto11</td><td data-row=\"3\">texto22</td><td data-row=\"3\">texto33</td></tr></tbody></table><p></p><p></p><h4>Franquicia&nbsp;Tributaria</h4><ul><li>Franquicia&nbsp;Tributaria&nbsp;y&nbsp;las&nbsp;oportunidades&nbsp;que&nbsp;nos&nbsp;ofrece.</li><li>Certificación&nbsp;del&nbsp;gasto.</li><li>Cuentas&nbsp;de&nbsp;Capacitación.</li><li>Cálculo&nbsp;cobertura&nbsp;cursos.</li><li>Cálculo&nbsp;de&nbsp;tramo&nbsp;Sence.</li><li>Categorías&nbsp;de&nbsp;capacitación:&nbsp;Contrato,&nbsp;Pre&nbsp;y&nbsp;Post-contrato</li><li>Cuenta&nbsp;de&nbsp;reparto.</li><li>Modalidades&nbsp;y&nbsp;sus&nbsp;valores&nbsp;horas.</li><li>Plazos&nbsp;Sence.</li><li>Modalidades:&nbsp;Presencial,&nbsp;E-learning&nbsp;y&nbsp;A&nbsp;Distancia.</li><li>Beneficio&nbsp;Mi&nbsp;Pyme.</li><li>Viático&nbsp;y&nbsp;Traslado&nbsp;para&nbsp;actividades&nbsp;presenciales.</li></ul>','','2026-05-13 04:22:06',2,NULL,NULL,'enviado','[]',0,NULL,NULL,'enviado',0),(129,'REU-2026-0129',5,'crivera@proforma.cl','Beatriz Silva','yo','Inducción','2026-05-13','10:25:00','Microsoft Teams','','ágoras','<table style=\"min-width: 75px;\"><colgroup><col style=\"min-width: 25px;\"><col style=\"min-width: 25px;\"><col style=\"min-width: 25px;\"></colgroup><tbody><tr><th colspan=\"1\" rowspan=\"1\" data-bg=\"#fee2e2\" style=\"background-color: rgb(254, 226, 226);\"><p><span style=\"color: rgb(0, 0, 0);\">adasdasd</span></p></th><th colspan=\"1\" rowspan=\"1\" data-bg=\"#fee2e2\" style=\"background-color: rgb(254, 226, 226);\"><p></p></th><th colspan=\"1\" rowspan=\"1\" data-bg=\"#fee2e2\" style=\"background-color: rgb(254, 226, 226);\"><p></p></th></tr><tr><td colspan=\"1\" rowspan=\"1\" data-bg=\"#fee2e2\" style=\"background-color: rgb(254, 226, 226);\"><p><span style=\"color: rgb(0, 0, 0);\"><strong>asdasda</strong></span></p></td><td colspan=\"1\" rowspan=\"1\" data-bg=\"#fee2e2\" style=\"background-color: rgb(254, 226, 226);\"><p><span style=\"color: rgb(0, 0, 0);\">dasd</span></p></td><td colspan=\"1\" rowspan=\"1\" data-bg=\"#fee2e2\" style=\"background-color: rgb(254, 226, 226);\"><p></p></td></tr><tr><td colspan=\"1\" rowspan=\"1\" data-bg=\"#fee2e2\" style=\"background-color: rgb(254, 226, 226);\"><p></p></td><td colspan=\"1\" rowspan=\"1\" data-bg=\"#fee2e2\" style=\"background-color: rgb(254, 226, 226);\"><p></p></td><td colspan=\"1\" rowspan=\"1\" data-bg=\"#fee2e2\" style=\"background-color: rgb(254, 226, 226);\"><p></p></td></tr></tbody></table><p>asdsadsadad</p>','','2026-05-13 15:24:41',48,NULL,NULL,'enviado','[]',0,NULL,NULL,'enviado',0),(130,'REU-2026-0130',5,'crivera@proforma.cl','Beatriz Silva','yo','Inducción','1010-10-10','10:10:00','Microsoft Teams','','agoras','<table style=\"width: 319px;\"><colgroup><col style=\"width: 110px;\"><col style=\"width: 109px;\"><col style=\"width: 100px;\"></colgroup><tbody><tr><th colspan=\"1\" rowspan=\"1\" colwidth=\"110\"><p>titulo1</p></th><th colspan=\"1\" rowspan=\"1\" colwidth=\"109\"><p>titulo2</p></th><th colspan=\"1\" rowspan=\"1\" colwidth=\"100\"><p>titulo3</p></th></tr><tr><td colspan=\"1\" rowspan=\"1\" colwidth=\"110\"><p>destitulo1</p></td><td colspan=\"1\" rowspan=\"1\" colwidth=\"109\"><p>destitulo2</p></td><td colspan=\"1\" rowspan=\"1\" colwidth=\"100\"><p>destitulo3</p></td></tr><tr><td colspan=\"1\" rowspan=\"1\" colwidth=\"110\"><p>destitulo4</p></td><td colspan=\"1\" rowspan=\"1\" colwidth=\"109\"><p>destitulo5</p></td><td colspan=\"1\" rowspan=\"1\" colwidth=\"100\"><p>destitulo6</p></td></tr></tbody></table><p></p>','','2026-05-13 15:58:44',48,NULL,NULL,'enviado','[]',0,NULL,NULL,'enviado',0),(131,'REU-2026-0131',5,'crivera@proforma.cl','Beatriz Silva','asd','Inducción','1010-10-10','10:10:00','Microsoft Teams','','asd','<h4>Franquicia Tributaria</h4><ul><li><p>Franquicia Tributaria y las oportunidades que nos ofrece.</p></li><li><p>Certificación del gasto.</p></li><li><p>Cuentas de Capacitación.</p></li><li><p>Cálculo cobertura cursos.</p></li><li><p>Cálculo de tramo Sence.</p></li><li><p>Categorías de capacitación: Contrato, Pre y Post-contrato</p></li><li><p>Cuenta de reparto.</p></li><li><p>Modalidades y sus valores horas.</p></li><li><p>Plazos Sence.</p></li><li><p>Modalidades: Presencial, E-learning y A Distancia.</p></li><li><p>Beneficio Mi Pyme.</p></li><li><p>Viático y Traslado para actividades presenciales.</p></li></ul><p></p>','','2026-05-13 20:20:59',48,NULL,NULL,'enviado','[]',0,NULL,NULL,'enviado',0),(132,'REU-2026-0132',5,'crivera@proforma.cl','Beatriz Silva','asd','Inducción','1010-10-10','10:10:00','Microsoft Teams','','asd','<h4>Franquicia Tributaria</h4><p>Franquicia Tributaria y las oportunidades que nos ofrece. Certificación del gasto. Cuentas de Capacitación. Cálculo cobertura cursos. Cálculo de tramo ence. Categorías de capacitación: Contrato, Pre y Post-contrat Cuenta de reparto.Modalidades y sus valores horas.Plazos Sence.odalidades: Presencial, E-learning y A Distancia.neficio Mi Pyme.</p><ul><li><p>Viático y Traslado para actividades presenciales.</p></li></ul><p></p>','','2026-05-13 20:22:12',48,NULL,NULL,'enviado','[]',0,NULL,NULL,'enviado',0),(133,'REU-2026-0133',5,'crivera@proforma.cl','Beatriz Silva','asd','Inducción','1010-10-10','10:10:00','Microsoft Teams','','asd','<p></p><h4>Franquicia Tributaria</h4><ul><li><p>Franquicia Tributaria y las oportunidades que nos ofrece.</p></li><li><p>Certificación del gasto.</p></li><li><p>Cuentas de Capacitación.</p></li><li><p>Cálculo cobertura cursos.</p></li><li><p>Cálculo de tramo Sence.</p></li><li><p>Categorías de capacitación: Contrato, Pre y Post-contrato</p></li><li><p>Cuenta de reparto.</p></li><li><p>Modalidades y sus valores horas.</p></li><li><p>Plazos Sence.</p></li><li><p>Modalidades: Presencial, E-learning y A Distancia.</p></li><li><p>Beneficio Mi Pyme.</p></li><li><p>Viático y Traslado para actividades presenciales.</p></li></ul><table style=\"min-width: 335px;\"><colgroup><col style=\"min-width: 25px;\"><col style=\"width: 310px;\"></colgroup><tbody><tr><td colspan=\"1\" rowspan=\"1\" style=\"vertical-align: middle;\"><p>Rut Empresa</p></td><td colspan=\"1\" rowspan=\"1\" colwidth=\"310\" style=\"vertical-align: middle;\"><p>Razón Social</p></td></tr><tr><td colspan=\"1\" rowspan=\"1\" style=\"vertical-align: middle;\"><p>76.271.795-6</p></td><td colspan=\"1\" rowspan=\"1\" colwidth=\"310\" style=\"vertical-align: middle;\"><p>Transportes Y Arriendo Santa Mercedes Limitada</p></td></tr><tr><td colspan=\"1\" rowspan=\"1\" style=\"vertical-align: middle;\"><p>76.560.516-4</p></td><td colspan=\"1\" rowspan=\"1\" colwidth=\"310\" style=\"vertical-align: middle;\"><p>Sociedad De Capacitacion Soser Spa</p></td></tr><tr><td colspan=\"1\" rowspan=\"1\" style=\"vertical-align: middle;\"><p>96.987.050-9</p></td><td colspan=\"1\" rowspan=\"1\" colwidth=\"310\" style=\"vertical-align: middle;\"><p>Sociedad De Servicios De Alimentacion S.a</p></td></tr></tbody></table><p></p>','','2026-05-13 20:29:21',48,NULL,NULL,'enviado','[]',0,NULL,NULL,'enviado',0),(134,'REU-2026-0134',13,'crivera@proforma.cl','Lyan Becerra','as','Inducción','0101-10-10','10:10:00','Microsoft Teams','','asd','<h4>Franquicia Tributaria</h4><ul><li><p>Franquicia Tributaria y las oportunidades que nos ofrece.</p></li><li><p>Certificación del gasto.</p></li><li><p>Cuentas de Capacitación.</p></li><li><p>Cálculo cobertura cursos.</p></li><li><p>Cálculo de tramo Sence.</p></li><li><p>Categorías de capacitación: Contrato, Pre y Post-contrato</p></li><li><p>Cuenta de reparto.</p></li><li><p>Modalidades y sus valores horas.</p></li><li><p>Plazos Sence.</p></li><li><p>Modalidades: Presencial, E-learning y A Distancia.</p></li><li><p>Beneficio Mi Pyme.</p></li><li><p>Viático y Traslado para actividades presenciales.</p></li></ul><p></p>','','2026-05-13 22:30:16',48,NULL,NULL,'enviado','[]',0,NULL,NULL,'enviado',0),(135,'REU-2026-0135',13,'crivera@proforma.cl','Lyan Becerra','asd','Inducción','1001-10-10','10:10:00','Microsoft Teams','','asd','<h4>Franquicia Tributaria</h4><ul><li><p>Franquicia Tributaria y las oportunidades que nos ofrece.</p></li><li><p>Certificación del gasto.</p></li><li><p>Cuentas de Capacitación.</p></li><li><p>Cálculo cobertura cursos.</p></li><li><p>Cálculo de tramo Sence.</p></li><li><p>Categorías de capacitación: Contrato, Pre y Post-contrato</p></li><li><p>Cuenta de reparto.</p></li><li><p>Modalidades y sus valores horas.</p></li><li><p>Plazos Sence.</p></li><li><p>Modalidades: Presencial, E-learning y A Distancia.</p></li><li><p>Beneficio Mi Pyme.</p></li><li><p>Viático y Traslado para actividades presenciales.</p></li></ul><p></p>','','2026-05-13 22:37:24',48,NULL,NULL,'enviado','[]',0,NULL,NULL,'enviado',0),(136,'REU-2026-0136',5,'crivera@proforma.cl','Beatriz Silva','pedrito palote','Inducción','2026-05-15','13:56:00','Microsoft Teams','','motivo','<h4>Franquicia Tributaria</h4><ul><li><p>Franquicia Tributaria y las oportunidades que nos ofrece.</p></li><li><p>Certificación del gasto.</p></li><li><p>Cuentas de Capacitación.</p></li><li><p>Cálculo cobertura cursos.</p></li><li><p>Cálculo de tramo Sence.</p></li><li><p>Categorías de capacitación: Contrato, Pre y Post-contrato</p></li><li><p>Cuenta de reparto.</p></li><li><p>Modalidades y sus valores horas.</p></li><li><p>Plazos Sence.</p></li><li><p>Modalidades: Presencial, E-learning y A Distancia.</p></li><li><p>Beneficio Mi Pyme.</p></li><li><p>Viático y Traslado para actividades presenciales.</p></li></ul><p></p>','','2026-05-15 15:55:31',48,NULL,NULL,'enviado','[]',0,NULL,NULL,'enviado',0),(137,'REU-2026-0137',10,'crivera@proforma.cl','Tomás Parada','yo','Inducción','2026-05-15','12:00:00','Google Meet','','Ágoras','<h4>Franquicia Tributaria</h4><ul><li><p>Franquicia Tributaria y las oportunidades que nos ofrece.</p></li><li><p>Certificación del gasto.</p></li><li><p>Cuentas de Capacitación.</p></li><li><p>Cálculo cobertura cursos.</p></li><li><p>Cálculo de tramo Sence.</p></li><li><p>Categorías de capacitación: Contrato, Pre y Post-contrato</p></li><li><p>Cuenta de reparto.</p></li><li><p>Modalidades y sus valores horas.</p></li><li><p>Plazos Sence.</p></li><li><p>Modalidades: Presencial, E-learning y A Distancia.</p></li><li><p>Beneficio Mi Pyme.</p></li><li><p>Viático y Traslado para actividades presenciales.</p></li></ul><p></p>','','2026-05-15 15:59:49',167,NULL,NULL,'enviado','[]',0,NULL,NULL,'enviado',0),(138,'REU-2026-0138',6,'crivera@proforma.cl','Carolina Osorio','yo','Inducción','2026-05-15','14:03:00','Microsoft Teams','','motivo','<h4>Inducción Ágoras</h4><ol><li><p><strong>Bienvenida:</strong> Home de plataforma, en el cual se puede visualizar resumen de indicadores saldos de aportes y excedentes, horas, inversión y participantes, comparativo por años, detalle por meses y año.</p></li><li><p><strong>Cursos:</strong> Detalle de cursos empresa, contrato, precontrato, postcontato; inscripción de cursos, creación de códigos de cursos empresa.</p></li><li><p><strong>Convocatoria:</strong> Recordatorio de los participantes por la actividad por comenzar.</p></li><li><p><strong>Evaluación:</strong> Instrumentos de evaluación (Reacción, Aprendizaje y Comportamiento).</p></li><li><p><strong>Pagos:</strong> Detalle de pago por actividades costo OTIC.</p></li><li><p><strong>Informes:</strong> Pestaña con cartola, detalle de cursos, participantes, informes de encuesta, etc.</p></li><li><p><strong>KPI:</strong> Informe de indicadores de capacitación.</p></li><li><p><strong>KPIG:</strong> Información más detallada de proveedores, cursos y personas.</p></li></ol><p></p>','','2026-05-15 16:02:01',167,NULL,NULL,'enviado','[]',0,NULL,NULL,'enviado',0),(139,'REU-2026-0139',10,'crivera@proforma.cl','Tomás Parada','asd','Implementación TI','2026-05-15','14:06:00','Microsoft Teams','','','<p></p>','','2026-05-15 16:04:13',130,NULL,NULL,'enviado','[]',0,NULL,NULL,'enviado',0),(140,'REU-2026-0140',5,'crivera@proforma.cl','Beatriz Silva','yo','Inducción','2026-05-15','13:20:00','Microsoft Teams','','Ágoras','<h4>Inducción Ágoras</h4><ol><li><p><strong>Bienvenida:</strong> Home de plataforma, en el cual se puede visualizar resumen de indicadores saldos de aportes y excedentes, horas, inversión y participantes, comparativo por años, detalle por meses y año.</p></li><li><p><strong>Cursos:</strong> Detalle de cursos empresa, contrato, precontrato, postcontato; inscripción de cursos, creación de códigos de cursos empresa.</p></li><li><p><strong>Convocatoria:</strong> Recordatorio de los participantes por la actividad por comenzar.</p></li><li><p><strong>Evaluación:</strong> Instrumentos de evaluación (Reacción, Aprendizaje y Comportamiento).</p></li><li><p><strong>Pagos:</strong> Detalle de pago por actividades costo OTIC.</p></li><li><p><strong>Informes:</strong> Pestaña con cartola, detalle de cursos, participantes, informes de encuesta, etc.</p></li><li><p><strong>KPI:</strong> Informe de indicadores de capacitación.</p></li><li><p><strong>KPIG:</strong> Información más detallada de proveedores, cursos y personas.</p></li></ol><p></p>','','2026-05-15 16:18:41',1,NULL,NULL,'enviado','[]',0,NULL,NULL,'enviado',0),(141,'REU-2026-0141',9,'crivera@proforma.cl','Camilo Rivera','as','Inducción','2026-05-15','15:24:00','Microsoft Teams','','as','<h4>Inducción Ágoras</h4><ol><li><p><strong>Bienvenida:</strong> Home de plataforma, en el cual se puede visualizar resumen de indicadores saldos de aportes y excedentes, horas, inversión y participantes, comparativo por años, detalle por meses y año.</p></li><li><p><strong>Cursos:</strong> Detalle de cursos empresa, contrato, precontrato, postcontato; inscripción de cursos, creación de códigos de cursos empresa.</p></li><li><p><strong>Convocatoria:</strong> Recordatorio de los participantes por la actividad por comenzar.</p></li><li><p><strong>Evaluación:</strong> Instrumentos de evaluación (Reacción, Aprendizaje y Comportamiento).</p></li><li><p><strong>Pagos:</strong> Detalle de pago por actividades costo OTIC.</p></li><li><p><strong>Informes:</strong> Pestaña con cartola, detalle de cursos, participantes, informes de encuesta, etc.</p></li><li><p><strong>KPI:</strong> Informe de indicadores de capacitación.</p></li><li><p><strong>KPIG:</strong> Información más detallada de proveedores, cursos y personas.</p></li></ol><p></p>','','2026-05-15 16:22:34',1,NULL,NULL,'enviado','[]',0,NULL,NULL,'enviado',0),(142,'REU-2026-0142',5,'crivera@proforma.cl','Beatriz Silva','yo','Inducción','2026-05-29','10:10:00','Google Meet','','ñp','<h4>Inducción Ágoras</h4><ol><li><p><strong>Bienvenida:</strong> Home de plataforma, en el cual se puede visualizar resumen de indicadores saldos de aportes y excedentes, horas, inversión y participantes, comparativo por años, detalle por meses y año.</p></li><li><p><strong>Cursos:</strong> Detalle de cursos empresa, contrato, precontrato, postcontato; inscripción de cursos, creación de códigos de cursos empresa.</p></li><li><p><strong>Convocatoria:</strong> Recordatorio de los participantes por la actividad por comenzar.</p></li><li><p><strong>Evaluación:</strong> Instrumentos de evaluación (Reacción, Aprendizaje y Comportamiento).</p></li><li><p><strong>Pagos:</strong> Detalle de pago por actividades costo OTIC.</p></li><li><p><strong>Informes:</strong> Pestaña con cartola, detalle de cursos, participantes, informes de encuesta, etc.</p></li><li><p><strong>KPI:</strong> Informe de indicadores de capacitación.</p></li><li><p><strong>KPIG:</strong> Información más detallada de proveedores, cursos y personas.</p></li></ol><p></p>','','2026-05-15 16:49:44',48,NULL,NULL,'enviado','[]',0,NULL,NULL,'enviado',0),(143,'REU-2026-0143',5,'crivera@proforma.cl','Beatriz Silva','asd','Inducción','2026-05-15','16:20:00','Microsoft Teams','','asd','<h4>Inducción Ágoras</h4><ol><li><p><strong>Bienvenida:</strong> Home de plataforma, en el cual se puede visualizar resumen de indicadores saldos de aportes y excedentes, horas, inversión y participantes, comparativo por años, detalle por meses y año.</p></li><li><p><strong>Cursos:</strong> Detalle de cursos empresa, contrato, precontrato, postcontato; inscripción de cursos, creación de códigos de cursos empresa.</p></li><li><p><strong>Convocatoria:</strong> Recordatorio de los participantes por la actividad por comenzar.</p></li><li><p><strong>Evaluación:</strong> Instrumentos de evaluación (Reacción, Aprendizaje y Comportamiento).</p></li><li><p><strong>Pagos:</strong> Detalle de pago por actividades costo OTIC.</p></li><li><p><strong>Informes:</strong> Pestaña con cartola, detalle de cursos, participantes, informes de encuesta, etc.</p></li><li><p><strong>KPI:</strong> Informe de indicadores de capacitación.</p></li><li><p><strong>KPIG:</strong> Información más detallada de proveedores, cursos y personas.</p><h4>Inducción Ágoras</h4><ol><li><p><strong>Bienvenida:</strong> Home de plataforma, en el cual se puede visualizar resumen de indicadores saldos de aportes y excedentes, horas, inversión y participantes, comparativo por años, detalle por meses y año.</p></li><li><p><strong>Cursos:</strong> Detalle de cursos empresa, contrato, precontrato, postcontato; inscripción de cursos, creación de códigos de cursos empresa.</p></li><li><p><strong>Convocatoria:</strong> Recordatorio de los participantes por la actividad por comenzar.</p></li><li><p><strong>Evaluación:</strong> Instrumentos de evaluación (Reacción, Aprendizaje y Comportamiento).</p></li><li><p><strong>Pagos:</strong> Detalle de pago por actividades costo OTIC.</p></li><li><p><strong>Informes:</strong> Pestaña con cartola, detalle de cursos, participantes, informes de encuesta, etc.</p></li><li><p><strong>KPI:</strong> Informe de indicadores de capacitación.</p></li><li><p><strong>KPIG:</strong> Información más detallada de proveedores, cursos y personas.</p></li></ol></li></ol><p></p>','','2026-05-15 19:19:25',48,NULL,NULL,'enviado','[]',0,NULL,NULL,'enviado',0),(144,'REU-2026-0144',13,'crivera@proforma.cl','Lyan Becerra','Camilo Rivera','Inducción','2026-05-15','18:33:00','Microsoft Teams','','áGoras','<h4>Inducción Ágoras</h4><ol><li><p><strong>Bienvenida:</strong> Home de plataforma, en el cual se puede visualizar resumen de indicadores saldos de aportes y excedentes, horas, inversión y participantes, comparativo por años, detalle por meses y año.</p></li><li><p><strong>Cursos:</strong> Detalle de cursos empresa, contrato, precontrato, postcontato; inscripción de cursos, creación de códigos de cursos empresa.</p></li><li><p><strong>Convocatoria:</strong> Recordatorio de los participantes por la actividad por comenzar.</p></li><li><p><strong>Evaluación:</strong> Instrumentos de evaluación (Reacción, Aprendizaje y Comportamiento).</p></li><li><p><strong>Pagos:</strong> Detalle de pago por actividades costo OTIC.</p></li><li><p><strong>Informes:</strong> Pestaña con cartola, detalle de cursos, participantes, informes de encuesta, etc.</p></li><li><p><strong>KPI:</strong> Informe de indicadores de capacitación.</p></li><li><p><strong>KPIG:</strong> Información más detallada de proveedores, cursos y personas.</p></li></ol><p></p>','','2026-05-15 20:33:07',1,NULL,NULL,'enviado','[]',0,NULL,NULL,'enviado',0),(145,'REU-2026-0145',14,'crivera@proforma.cl','Administrador General','yo','Inducción','2026-05-19','15:50:00','Microsoft Teams','','asdad','<h4>Inducción Ágoras</h4><ol><li><p><strong>Bienvenida:</strong> Home de plataforma, en el cual se puede visualizar resumen de indicadores saldos de aportes y excedentes, horas, inversión y participantes, comparativo por años, detalle por meses y año.</p></li><li><p><strong>Cursos:</strong> Detalle de cursos empresa, contrato, precontrato, postcontato; inscripción de cursos, creación de códigos de cursos empresa.</p></li><li><p><strong>Convocatoria:</strong> Recordatorio de los participantes por la actividad por comenzar.</p></li><li><p><strong>Evaluación:</strong> Instrumentos de evaluación (Reacción, Aprendizaje y Comportamiento).</p></li><li><p><strong>Pagos:</strong> Detalle de pago por actividades costo OTIC.</p></li><li><p><strong>Informes:</strong> Pestaña con cartola, detalle de cursos, participantes, informes de encuesta, etc.</p></li><li><p><strong>KPI:</strong> Informe de indicadores de capacitación.</p></li><li><p><strong>KPIG:</strong> Información más detallada de proveedores, cursos y personas.</p></li></ol><p></p>','','2026-05-19 19:46:03',247,NULL,NULL,'enviado','[]',1,'Franquicia','2026-05-19 15:47:00','enviado',0),(146,'REU-2026-0146',13,'crivera@proforma.cl','Lyan Becerra','Camilo Rivera','Inducción','2026-05-19','10:30:00','Microsoft Teams','Cartola 2025 TNS','Ágoras','<h4>Inducción Ágoras</h4><ol><li><p><strong>Bienvenida:</strong> Home de plataforma, en el cual se puede visualizar resumen de indicadores saldos de aportes y excedentes, horas, inversión y participantes, comparativo por años, detalle por meses y año.</p></li><li><p><strong>Cursos:</strong> Detalle de cursos empresa, contrato, precontrato, postcontato; inscripción de cursos, creación de códigos de cursos empresa.</p></li><li><p><strong>Convocatoria:</strong> Recordatorio de los participantes por la actividad por comenzar.</p></li><li><p><strong>Evaluación:</strong> Instrumentos de evaluación (Reacción, Aprendizaje y Comportamiento).</p></li><li><p><strong>Pagos:</strong> Detalle de pago por actividades costo OTIC.</p></li><li><p><strong>Informes:</strong> Pestaña con cartola, detalle de cursos, participantes, informes de encuesta, etc.</p></li><li><p><strong>KPI:</strong> Informe de indicadores de capacitación.</p></li><li><p><strong>KPIG:</strong> Información más detallada de proveedores, cursos y personas.</p></li></ol><p></p>','','2026-05-19 21:22:37',11,NULL,NULL,'enviado','[\"1779225757346-739788451-cartola 2025 tns chile.pdf\"]',1,'Franquicia','2026-05-19 17:25:00','enviado',1),(147,'REU-2026-0147',13,'crivera@proforma.cl','Lyan Becerra','Camilo Rivera, Lyan Becerra, Mia Rivera','Inducción','2026-05-25','12:10:00','Microsoft Teams','','Prueba','<h4>Pre Contrato SENCE</h4><p>El Pre Contrato SENCE permite capacitar a personas antes de ser contratadas, con el objetivo de fortalecer sus competencias laborales. No existe obligación de contratación posterior y el beneficio cubre el 100% mediante franquicia tributaria.</p><h5>Principales características</h5><ul><li><p>Aplica para personas que no pertenecen actualmente a la empresa.</p></li><li><p>Puede incluir trabajadores de otras empresas del mismo holding.</p></li><li><p>Favorece el desarrollo profesional e inclusión de personas vulnerables o con discapacidad.</p></li></ul><h5>Límites</h5><ul><li><p>La empresa puede capacitar hasta un 10% de su dotación permanente.</p></li><li><p>Si alcanza o supera ese 10%, el 50% de los participantes debe acreditar vulnerabilidad.</p></li></ul><h5>Duración</h5><ul><li><p>Los cursos no pueden superar 60 días corridos.</p></li><li><p>Cada persona puede realizar solo un precontrato por año para la misma empresa.</p></li></ul><h5>Documentación obligatoria</h5><p>Debe enviarse a SENCE antes de las 12:00 hrs del último día de clases:</p><ul><li><p>Contrato de capacitación firmado.</p></li><li><p>Cédula de identidad vigente.</p></li><li><p>Declaración jurada de dotación.</p></li><li><p>Poderes y antecedentes del representante legal.</p></li><li><p>Documentos de vulnerabilidad cuando corresponda.</p></li></ul><h5>Menores de edad</h5><p>Para participantes entre 15 y 17 años:</p><ul><li><p>Debe firmar el participante, padre/madre/tutor y empresa.</p></li><li><p>También puede presentarse autorización simple del tutor con cédulas de identidad.</p></li></ul><h5>Pre Contrato Modular</h5><ul><li><p>Se pueden realizar varios cursos con distintas OTEC dentro de 60 días.</p></li><li><p>Todos los módulos deben inscribirse el mismo día y tener la misma cantidad de participantes.</p></li><li><p>Se firma un solo precontrato para todos los módulos.</p></li></ul><p></p>','','2026-05-25 14:08:53',5,NULL,NULL,'enviado','[]',0,NULL,NULL,'enviado',0),(148,'REU-2026-0148',13,'crivera@proforma.cl','Lyan Becerra','camilo','Inducción','2026-05-25','12:02:00','Microsoft Teams','','Precontrato','<h4>1. PreContratos:</h4><ul><li><p>Se usa para Capacitar personas que NO pertenecen a la Empresa.</p></li><li><p>No existe obligación de Contratar a los Participantes.</p></li><li><p>No genera Costo Empresa.</p></li><li><p>Tiene una duración máxima de 60 días corridos.</p></li><li><p>Se pueden Capacitar a personas contratadas en otras Razones Sociales del Holding Sodexo.</p></li></ul><h4>2. PreContratos Modulares:</h4><ul><li><p>Se puede realizar más de un Curso.</p></li><li><p>Tiene una duración máxima de 60 días corridos.</p></li><li><p>Todos los Cursos deben ser Inscritos el mismo día y con la misma cantidad de Participantes.</p></li><li><p>Toda la Documentación debe ser enviada el ultimo día de Clases del Primer Modulo.</p></li></ul><h4>3. Consideraciones:</h4><ul><li><p>Tope de 10% de la Dotación permanente, en caso de super este porcentaje se deberá acreditar vulnerabilidad o discapacidad del Participantes (con Documentación que lo respalde).</p></li><li><p>La documentación a enviar es: PreContrato Firmado por ambas partes (Participantes y Empresa), DJ Dotación del mes correspondiente, personeria y/o poderes de firma de quien firma por parte de la emrpesa, cedulas de Identidad vigentes (Participantes y Representante Legal).</p></li><li><p>En caso de Capacitar a menores de edad (de 15 hasta menos de 18 años) se deberá adjuntar Autorización y Cedula del Padre o Tutor Legal del Participante.</p></li><li><p>Toda la Documentación debe ser enviada a más tardar el último día de Clases o al Termino del Primer Modulo para PreContratos Modulares.</p></li><li><p>Todo PreContrato no puede superar el máximo de 60 días corridos de duración.</p></li></ul><p></p>','','2026-05-25 15:01:24',48,NULL,NULL,'enviado','[]',0,NULL,NULL,'enviado',0);
/*!40000 ALTER TABLE `reuniones` ENABLE KEYS */;
UNLOCK TABLES;

--
-- Table structure for table `usuario_gerencias`
--

DROP TABLE IF EXISTS `usuario_gerencias`;
/*!40101 SET @saved_cs_client     = @@character_set_client */;
/*!50503 SET character_set_client = utf8mb4 */;
CREATE TABLE `usuario_gerencias` (
  `usuario_id` int NOT NULL,
  `gerencia_id` int NOT NULL,
  PRIMARY KEY (`usuario_id`,`gerencia_id`),
  KEY `gerencia_id` (`gerencia_id`),
  CONSTRAINT `usuario_gerencias_ibfk_1` FOREIGN KEY (`usuario_id`) REFERENCES `usuarios` (`id`) ON DELETE CASCADE,
  CONSTRAINT `usuario_gerencias_ibfk_2` FOREIGN KEY (`gerencia_id`) REFERENCES `usuarios` (`id`) ON DELETE CASCADE
) ENGINE=InnoDB DEFAULT CHARSET=utf8mb4 COLLATE=utf8mb4_0900_ai_ci;
/*!40101 SET character_set_client = @saved_cs_client */;

--
-- Dumping data for table `usuario_gerencias`
--

LOCK TABLES `usuario_gerencias` WRITE;
/*!40000 ALTER TABLE `usuario_gerencias` DISABLE KEYS */;
INSERT INTO `usuario_gerencias` VALUES (1,15),(2,15),(3,15),(4,15),(18,17),(24,17),(25,17),(20,19),(21,22),(23,22),(15,26),(17,26),(19,26),(22,26),(28,27);
/*!40000 ALTER TABLE `usuario_gerencias` ENABLE KEYS */;
UNLOCK TABLES;

--
-- Table structure for table `usuarios`
--

DROP TABLE IF EXISTS `usuarios`;
/*!40101 SET @saved_cs_client     = @@character_set_client */;
/*!50503 SET character_set_client = utf8mb4 */;
CREATE TABLE `usuarios` (
  `id` int NOT NULL AUTO_INCREMENT,
  `nombre` varchar(255) NOT NULL,
  `correo` varchar(255) DEFAULT NULL,
  `contrasena` varchar(255) NOT NULL DEFAULT '123456',
  `cargos` varchar(255) DEFAULT NULL,
  `permisos` varchar(100) DEFAULT 'ejecutiva',
  `jefatura_id` int DEFAULT NULL,
  `created_at` timestamp NULL DEFAULT CURRENT_TIMESTAMP,
  `cargo_id` int DEFAULT '2',
  `zona_id` int DEFAULT '1',
  `gerencia_id` int DEFAULT NULL,
  `vistas_permitidas` text,
  PRIMARY KEY (`id`),
  KEY `fk_usuarios_zona` (`zona_id`),
  KEY `fk_usuarios_gerencia` (`gerencia_id`),
  CONSTRAINT `fk_usuarios_gerencia` FOREIGN KEY (`gerencia_id`) REFERENCES `usuarios` (`id`) ON DELETE SET NULL,
  CONSTRAINT `fk_usuarios_zona` FOREIGN KEY (`zona_id`) REFERENCES `zonas` (`id`)
) ENGINE=InnoDB AUTO_INCREMENT=30 DEFAULT CHARSET=utf8mb4 COLLATE=utf8mb4_0900_ai_ci;
/*!40101 SET character_set_client = @saved_cs_client */;

--
-- Dumping data for table `usuarios`
--

LOCK TABLES `usuarios` WRITE;
/*!40000 ALTER TABLE `usuarios` DISABLE KEYS */;
INSERT INTO `usuarios` VALUES (1,'Beatriz Silva','bscrivera@proforma.cl','bs123456','Jefatura','jefatura',NULL,'2026-05-18 17:35:54',2,1,15,'[\"/registrar-reunion\",\"/crear-encuesta\",\"/dashboard-reuniones\",\"/dashboard-encuestas\",\"/seguimiento-empresas\"]'),(2,'Carolina Osorio','cocrivera@proforma.cl','co123456','Jefatura','jefatura',NULL,'2026-05-18 17:35:54',2,1,15,'[\"/registrar-reunion\",\"/crear-encuesta\",\"/dashboard-reuniones\",\"/dashboard-encuestas\",\"/seguimiento-empresas\"]'),(3,'Luisa Bravo','luisabcrivera@proforma.cl','lb123456','Jefatura','jefatura',NULL,'2026-05-18 17:35:54',2,1,15,'[\"/registrar-reunion\",\"/crear-encuesta\",\"/dashboard-reuniones\",\"/dashboard-encuestas\",\"/seguimiento-empresas\"]'),(4,'Valentina Alarcon','vacrivera@proforma.cl','123456','Jefatura','jefatura',NULL,'2026-05-18 17:35:54',2,1,15,'[\"/registrar-reunion\",\"/crear-encuesta\",\"/dashboard-reuniones\",\"/dashboard-encuestas\",\"/seguimiento-empresas\"]'),(9,'Camilo Rivera','crivera@proforma.cl','123456','Ejecutiva','ejecutiva',1,'2026-05-18 17:35:54',2,1,NULL,'[\"/registrar-reunion\",\"/crear-encuesta\",\"/dashboard-reuniones\",\"/dashboard-encuestas\",\"/seguimiento-empresas\"]'),(10,'Tomás Parada','tpcrivera@proforma.cl','123456','Ejecutiva','ejecutiva',2,'2026-05-18 17:35:54',2,1,NULL,'[\"/registrar-reunion\",\"/crear-encuesta\",\"/dashboard-reuniones\",\"/dashboard-encuestas\",\"/seguimiento-empresas\"]'),(11,'Monica Sanchez','ms@proforma.cl','ms123','Ejecutiva','ejecutiva',4,'2026-05-18 17:35:54',2,1,NULL,'[\"/registrar-reunion\",\"/crear-encuesta\",\"/dashboard-reuniones\",\"/dashboard-encuestas\",\"/seguimiento-empresas\"]'),(12,'Camila Meneses','cmcrivera@proforma.cl','cm123456','Ejecutiva','ejecutiva',3,'2026-05-18 17:35:54',2,1,NULL,'[\"/registrar-reunion\",\"/crear-encuesta\",\"/dashboard-reuniones\",\"/dashboard-encuestas\",\"/seguimiento-empresas\"]'),(13,'Lyan Becerra','lyanbecerra@proforma.cl','lyan123','Ejecutiva','ejecutiva',1,'2026-05-18 17:35:54',2,1,NULL,'[\"/registrar-reunion\",\"/crear-encuesta\",\"/dashboard-reuniones\",\"/dashboard-encuestas\",\"/seguimiento-empresas\"]'),(14,'Administrador General','admin@proforma.cl','Admin1234*','Administrador General','admin',NULL,'2026-05-18 17:51:13',2,1,NULL,NULL),(15,'Lilian Ortega','lortega@proforma.cl','lo123456','Jefa de área','gerencia',NULL,'2026-05-19 19:14:08',2,1,26,'[\"/registrar-reunion\",\"/crear-encuesta\",\"/dashboard-reuniones\",\"/dashboard-encuestas\",\"/seguimiento-empresas\",\"/editor-encuestas\",\"/gestion-empresas\"]'),(17,'Elizabeth Cardenas','ecardenas@proforma.cl','ec1234*','Gerenta zona norte 1 y 2','gerencia',NULL,'2026-05-20 17:34:04',2,NULL,26,'[\"/registrar-reunion\",\"/crear-encuesta\",\"/dashboard-reuniones\",\"/dashboard-encuestas\",\"/seguimiento-empresas\"]'),(18,'Marcela Vargas','mvargas@proforma.cl','mv1234*','Jefatura','jefatura',NULL,'2026-05-20 17:52:37',2,6,17,'[\"/registrar-reunion\",\"/crear-encuesta\",\"/dashboard-reuniones\",\"/dashboard-encuestas\",\"/seguimiento-empresas\"]'),(19,'Paola Muñoz','pmunoz@proforma.cl','pm1234*','Gerenta Concepción','gerencia',NULL,'2026-05-20 18:10:59',2,4,26,'[\"/registrar-reunion\",\"/crear-encuesta\",\"/dashboard-reuniones\",\"/dashboard-encuestas\",\"/seguimiento-empresas\"]'),(20,'Carmen Osses','cosses@proforma.cl','co1234*','Jefatura','jefatura',19,'2026-05-20 18:11:32',2,4,19,'[\"/registrar-reunion\",\"/crear-encuesta\",\"/dashboard-reuniones\",\"/dashboard-encuestas\",\"/seguimiento-empresas\"]'),(21,'Carla Parada','cparada@proforma.cl','cp1234*','Coordinadora comercial regional','jefatura',NULL,'2026-05-20 18:43:08',2,5,22,'[\"/registrar-reunion\",\"/crear-encuesta\",\"/dashboard-reuniones\",\"/dashboard-encuestas\",\"/seguimiento-empresas\"]'),(22,'Arturo Álvarez','arturo.alvarez@proforma.cl','al1234*','Gerente Puerto Montt','gerencia',NULL,'2026-05-20 18:43:53',2,NULL,26,'[\"/registrar-reunion\",\"/crear-encuesta\",\"/dashboard-reuniones\",\"/dashboard-encuestas\",\"/seguimiento-empresas\"]'),(23,'Maria Teresa Morales','morales@proforma.cl','mtm1234*','Agente regional Temuco','jefatura',NULL,'2026-05-20 18:45:43',2,5,22,'[\"/registrar-reunion\",\"/crear-encuesta\",\"/dashboard-reuniones\",\"/dashboard-encuestas\",\"/seguimiento-empresas\"]'),(24,'Javiera Molina','jmolina@proforma.cl','jm1234*','Coordinadora regional','jefatura',NULL,'2026-05-20 19:07:55',2,2,17,'[\"/registrar-reunion\",\"/crear-encuesta\",\"/dashboard-reuniones\",\"/dashboard-encuestas\",\"/seguimiento-empresas\"]'),(25,'Grace Contreras','gcontreras@proforma.cl','gc1234*','Jefatura','jefatura',NULL,'2026-05-20 19:13:52',2,3,17,'[\"/registrar-reunion\",\"/crear-encuesta\",\"/dashboard-reuniones\",\"/dashboard-encuestas\",\"/seguimiento-empresas\"]'),(26,'Claudia Quiroz','cquiroz@proforma.cl','Claudia123','Gerenta general','admin',NULL,'2026-05-22 01:56:08',2,NULL,NULL,NULL),(27,'Administrador de Prueba','administrador.ti@proforma.cl','prueba360','Administrador de Prueba','admin',NULL,'2026-05-24 20:28:40',2,1,NULL,NULL),(28,'Jefatura de Prueba','jefatura.prueba@proforma.cl','jefatura360','Jefatura de Prueba','jefatura',NULL,'2026-05-24 20:31:35',2,1,27,NULL),(29,'Ejecutiva de Prueba','ejecutiva.prueba@proforma.cl','ejecutiva360','Ejecutiva de Prueba','ejecutiva',28,'2026-05-24 20:33:58',2,1,NULL,NULL);
/*!40000 ALTER TABLE `usuarios` ENABLE KEYS */;
UNLOCK TABLES;

--
-- Table structure for table `zonas`
--

DROP TABLE IF EXISTS `zonas`;
/*!40101 SET @saved_cs_client     = @@character_set_client */;
/*!50503 SET character_set_client = utf8mb4 */;
CREATE TABLE `zonas` (
  `id` int NOT NULL AUTO_INCREMENT,
  `nombre` varchar(100) NOT NULL,
  `created_at` timestamp NULL DEFAULT CURRENT_TIMESTAMP,
  PRIMARY KEY (`id`),
  UNIQUE KEY `nombre` (`nombre`)
) ENGINE=InnoDB AUTO_INCREMENT=7 DEFAULT CHARSET=utf8mb4 COLLATE=utf8mb4_0900_ai_ci;
/*!40101 SET character_set_client = @saved_cs_client */;

--
-- Dumping data for table `zonas`
--

LOCK TABLES `zonas` WRITE;
/*!40000 ALTER TABLE `zonas` DISABLE KEYS */;
INSERT INTO `zonas` VALUES (1,'Matriz','2026-05-20 17:12:11'),(2,'Zona Norte 1','2026-05-20 17:12:11'),(3,'Zona Norte 2','2026-05-20 17:12:11'),(4,'Concepción','2026-05-20 17:12:11'),(5,'Puerto Montt','2026-05-20 17:12:11'),(6,'Viña del Mar','2026-05-20 17:12:11');
/*!40000 ALTER TABLE `zonas` ENABLE KEYS */;
UNLOCK TABLES;

--
-- Dumping routines for database 'core360'
--
ALTER TABLE `reuniones` ADD COLUMN `encuesta_destinatario` varchar(255) DEFAULT NULL;

/*!40103 SET TIME_ZONE=@OLD_TIME_ZONE */;

/*!40101 SET SQL_MODE=@OLD_SQL_MODE */;
/*!40014 SET FOREIGN_KEY_CHECKS=@OLD_FOREIGN_KEY_CHECKS */;
/*!40014 SET UNIQUE_CHECKS=@OLD_UNIQUE_CHECKS */;
/*!40101 SET CHARACTER_SET_CLIENT=@OLD_CHARACTER_SET_CLIENT */;
/*!40101 SET CHARACTER_SET_RESULTS=@OLD_CHARACTER_SET_RESULTS */;
/*!40101 SET COLLATION_CONNECTION=@OLD_COLLATION_CONNECTION */;
/*!40111 SET SQL_NOTES=@OLD_SQL_NOTES */;

-- Dump completed on 2026-06-01 13:55:21
